  0
SECTION
  2
HEADER
  9
$ACADVER
  1
AC1032
  9
$ACADMAINTVER
 90
       55
  9
$DWGCODEPAGE
  3
ANSI_1252
  9
$LASTSAVEDBY
  1
Tejeshwin.D
  9
$REQUIREDVERSIONS
160
                 0
  9
$INSBASE
 10
0.0
 20
0.0
 30
0.0
  9
$EXTMIN
 10
2865.250961919187
 20
3366.965961290709
 30
-343.5172701341476
  9
$EXTMAX
 10
3379.35103544039
 20
3767.508373214386
 30
668.6860132401581
  9
$LIMMIN
 10
0.0
 20
0.0
  9
$LIMMAX
 10
420.0
 20
297.0
  9
$ORTHOMODE
 70
     0
  9
$REGENMODE
 70
     1
  9
$FILLMODE
 70
     1
  9
$QTEXTMODE
 70
     0
  9
$MIRRTEXT
 70
     0
  9
$LTSCALE
 40
1.0
  9
$ATTMODE
 70
     1
  9
$TEXTSIZE
 40
2.5
  9
$TRACEWID
 40
1.0
  9
$TEXTSTYLE
  7
Standard
  9
$CLAYER
  8
0
  9
$CELTYPE
  6
ByLayer
  9
$CECOLOR
 62
   256
  9
$CELTSCALE
 40
1.0
  9
$DISPSILH
 70
     0
  9
$DIMSCALE
 40
1.0
  9
$DIMASZ
 40
2.5
  9
$DIMEXO
 40
0.625
  9
$DIMDLI
 40
3.75
  9
$DIMRND
 40
0.0
  9
$DIMDLE
 40
0.0
  9
$DIMEXE
 40
1.25
  9
$DIMTP
 40
0.0
  9
$DIMTM
 40
0.0
  9
$DIMTXT
 40
2.5
  9
$DIMCEN
 40
2.5
  9
$DIMTSZ
 40
0.0
  9
$DIMTOL
 70
     0
  9
$DIMLIM
 70
     0
  9
$DIMTIH
 70
     0
  9
$DIMTOH
 70
     0
  9
$DIMSE1
 70
     0
  9
$DIMSE2
 70
     0
  9
$DIMTAD
 70
     1
  9
$DIMZIN
 70
     8
  9
$DIMBLK
  1

  9
$DIMASO
 70
     1
  9
$DIMSHO
 70
     1
  9
$DIMPOST
  1

  9
$DIMAPOST
  1

  9
$DIMALT
 70
     0
  9
$DIMALTD
 70
     3
  9
$DIMALTF
 40
0.03937007874016
  9
$DIMLFAC
 40
1.0
  9
$DIMTOFL
 70
     1
  9
$DIMTVP
 40
0.0
  9
$DIMTIX
 70
     0
  9
$DIMSOXD
 70
     0
  9
$DIMSAH
 70
     0
  9
$DIMBLK1
  1

  9
$DIMBLK2
  1

  9
$DIMSTYLE
  2
ISO-25
  9
$DIMCLRD
 70
     0
  9
$DIMCLRE
 70
     0
  9
$DIMCLRT
 70
     0
  9
$DIMTFAC
 40
1.0
  9
$DIMGAP
 40
0.625
  9
$DIMJUST
 70
     0
  9
$DIMSD1
 70
     0
  9
$DIMSD2
 70
     0
  9
$DIMTOLJ
 70
     0
  9
$DIMTZIN
 70
     8
  9
$DIMALTZ
 70
     0
  9
$DIMALTTZ
 70
     0
  9
$DIMUPT
 70
     0
  9
$DIMDEC
 70
     2
  9
$DIMTDEC
 70
     2
  9
$DIMALTU
 70
     2
  9
$DIMALTTD
 70
     3
  9
$DIMTXSTY
  7
Standard
  9
$DIMAUNIT
 70
     0
  9
$DIMADEC
 70
     0
  9
$DIMALTRND
 40
0.0
  9
$DIMAZIN
 70
     0
  9
$DIMDSEP
 70
    44
  9
$DIMATFIT
 70
     3
  9
$DIMFRAC
 70
     0
  9
$DIMLDRBLK
  1

  9
$DIMLUNIT
 70
     2
  9
$DIMLWD
 70
    -2
  9
$DIMLWE
 70
    -2
  9
$DIMTMOVE
 70
     0
  9
$DIMFXL
 40
1.0
  9
$DIMFXLON
 70
     0
  9
$DIMJOGANG
 40
0.7853981633974483
  9
$DIMTFILL
 70
     0
  9
$DIMTFILLCLR
 70
     0
  9
$DIMARCSYM
 70
     0
  9
$DIMLTYPE
  6

  9
$DIMLTEX1
  6

  9
$DIMLTEX2
  6

  9
$DIMTXTDIRECTION
 70
     0
  9
$LUNITS
 70
     2
  9
$LUPREC
 70
     4
  9
$SKETCHINC
 40
1.0
  9
$FILLETRAD
 40
0.0
  9
$AUNITS
 70
     0
  9
$AUPREC
 70
     0
  9
$MENU
  1
.
  9
$ELEVATION
 40
0.0
  9
$PELEVATION
 40
0.0
  9
$THICKNESS
 40
0.0
  9
$LIMCHECK
 70
     0
  9
$CHAMFERA
 40
0.0
  9
$CHAMFERB
 40
0.0
  9
$CHAMFERC
 40
0.0
  9
$CHAMFERD
 40
0.0
  9
$SKPOLY
 70
     0
  9
$TDCREATE
 40
2461314.735300926
  9
$TDUCREATE
 40
2461314.506134259
  9
$TDUPDATE
 40
2461314.785263276
  9
$TDUUPDATE
 40
2461314.556096609
  9
$TDINDWG
 40
0.0008796296
  9
$TDUSRTIMER
 40
0.0008796296
  9
$USRTIMER
 70
     1
  9
$ANGBASE
 50
0.0
  9
$ANGDIR
 70
     0
  9
$PDMODE
 70
     0
  9
$PDSIZE
 40
0.0
  9
$PLINEWID
 40
0.0
  9
$SPLFRAME
 70
     0
  9
$SPLINETYPE
 70
     6
  9
$SPLINESEGS
 70
     8
  9
$HANDSEED
  5
2F7
  9
$SURFTAB1
 70
     6
  9
$SURFTAB2
 70
     6
  9
$SURFTYPE
 70
     6
  9
$SURFU
 70
     6
  9
$SURFV
 70
     6
  9
$UCSBASE
  2

  9
$UCSNAME
  2

  9
$UCSORG
 10
0.0
 20
0.0
 30
0.0
  9
$UCSXDIR
 10
1.0
 20
0.0
 30
0.0
  9
$UCSYDIR
 10
0.0
 20
1.0
 30
0.0
  9
$UCSORTHOREF
  2

  9
$UCSORTHOVIEW
 70
     0
  9
$UCSORGTOP
 10
0.0
 20
0.0
 30
0.0
  9
$UCSORGBOTTOM
 10
0.0
 20
0.0
 30
0.0
  9
$UCSORGLEFT
 10
0.0
 20
0.0
 30
0.0
  9
$UCSORGRIGHT
 10
0.0
 20
0.0
 30
0.0
  9
$UCSORGFRONT
 10
0.0
 20
0.0
 30
0.0
  9
$UCSORGBACK
 10
0.0
 20
0.0
 30
0.0
  9
$PUCSBASE
  2

  9
$PUCSNAME
  2

  9
$PUCSORG
 10
0.0
 20
0.0
 30
0.0
  9
$PUCSXDIR
 10
1.0
 20
0.0
 30
0.0
  9
$PUCSYDIR
 10
0.0
 20
1.0
 30
0.0
  9
$PUCSORTHOREF
  2

  9
$PUCSORTHOVIEW
 70
     0
  9
$PUCSORGTOP
 10
0.0
 20
0.0
 30
0.0
  9
$PUCSORGBOTTOM
 10
0.0
 20
0.0
 30
0.0
  9
$PUCSORGLEFT
 10
0.0
 20
0.0
 30
0.0
  9
$PUCSORGRIGHT
 10
0.0
 20
0.0
 30
0.0
  9
$PUCSORGFRONT
 10
0.0
 20
0.0
 30
0.0
  9
$PUCSORGBACK
 10
0.0
 20
0.0
 30
0.0
  9
$USERI1
 70
     0
  9
$USERI2
 70
     0
  9
$USERI3
 70
     0
  9
$USERI4
 70
     0
  9
$USERI5
 70
     0
  9
$USERR1
 40
0.0
  9
$USERR2
 40
0.0
  9
$USERR3
 40
0.0
  9
$USERR4
 40
0.0
  9
$USERR5
 40
0.0
  9
$WORLDVIEW
 70
     1
  9
$SHADEDGE
 70
     3
  9
$SHADEDIF
 70
    70
  9
$TILEMODE
 70
     1
  9
$MAXACTVP
 70
    64
  9
$PINSBASE
 10
0.0
 20
0.0
 30
0.0
  9
$PLIMCHECK
 70
     0
  9
$PEXTMIN
 10
0.0
 20
0.0
 30
0.0
  9
$PEXTMAX
 10
0.0
 20
0.0
 30
0.0
  9
$PLIMMIN
 10
0.0
 20
0.0
  9
$PLIMMAX
 10
12.0
 20
9.0
  9
$UNITMODE
 70
     0
  9
$VISRETAIN
 70
     1
  9
$PLINEGEN
 70
     0
  9
$PSLTSCALE
 70
     1
  9
$TREEDEPTH
 70
  3020
  9
$CMLSTYLE
  2
Standard
  9
$CMLJUST
 70
     0
  9
$CMLSCALE
 40
20.0
  9
$PROXYGRAPHICS
 70
     1
  9
$MEASUREMENT
 70
     1
  9
$CELWEIGHT
370
    -1
  9
$ENDCAPS
280
     0
  9
$JOINSTYLE
280
     0
  9
$LWDISPLAY
290
     0
  9
$INSUNITS
 70
     4
  9
$HYPERLINKBASE
  1

  9
$STYLESHEET
  1

  9
$XEDIT
290
     1
  9
$CEPSNTYPE
380
     0
  9
$PSTYLEMODE
290
     1
  9
$FINGERPRINTGUID
  2
{42280456-1103-244B-868B-02239CBDE66A}
  9
$VERSIONGUID
  2
{D28D2308-1031-E84D-A702-1E2576B04B6E}
  9
$EXTNAMES
290
     1
  9
$PSVPSCALE
 40
0.0
  9
$OLESTARTUP
290
     0
  9
$SORTENTS
280
   127
  9
$INDEXCTL
280
     0
  9
$HIDETEXT
280
     1
  9
$XCLIPFRAME
280
     2
  9
$HALOGAP
280
     0
  9
$OBSCOLOR
 70
   257
  9
$OBSLTYPE
280
     0
  9
$INTERSECTIONDISPLAY
280
     0
  9
$INTERSECTIONCOLOR
 70
   257
  9
$DIMASSOC
280
     2
  9
$PROJECTNAME
  1

  9
$CAMERADISPLAY
290
     0
  9
$LENSLENGTH
 40
50.0
  9
$CAMERAHEIGHT
 40
0.0
  9
$STEPSPERSEC
 40
2.0
  9
$STEPSIZE
 40
6.0
  9
$3DDWFPREC
 40
2.0
  9
$PSOLWIDTH
 40
5.0
  9
$PSOLHEIGHT
 40
80.0
  9
$LOFTANG1
 40
1.570796326794897
  9
$LOFTANG2
 40
1.570796326794897
  9
$LOFTMAG1
 40
0.0
  9
$LOFTMAG2
 40
0.0
  9
$LOFTPARAM
 70
     7
  9
$LOFTNORMALS
280
     1
  9
$LATITUDE
 40
37.795
  9
$LONGITUDE
 40
-122.394
  9
$NORTHDIRECTION
 40
0.0
  9
$TIMEZONE
 70
 -8000
  9
$LIGHTGLYPHDISPLAY
280
     1
  9
$TILEMODELIGHTSYNCH
280
     1
  9
$CMATERIAL
347
EC
  9
$SOLIDHIST
280
     0
  9
$SHOWHIST
280
     1
  9
$DWFFRAME
280
     2
  9
$DGNFRAME
280
     0
  9
$REALWORLDSCALE
290
     1
  9
$INTERFERECOLOR
 62
     1
  9
$CSHADOW
280
     0
  9
$SHADOWPLANELOCATION
 40
0.0
  0
ENDSEC
  0
SECTION
  2
CLASSES
  0
CLASS
  1
ACDBDICTIONARYWDFLT
  2
AcDbDictionaryWithDefault
  3
ObjectDBX Classes
 90
        0
 91
        3
280
     0
281
     0
  0
CLASS
  1
ACDBPLACEHOLDER
  2
AcDbPlaceHolder
  3
ObjectDBX Classes
 90
        0
 91
        1
280
     0
281
     0
  0
CLASS
  1
LAYOUT
  2
AcDbLayout
  3
ObjectDBX Classes
 90
        0
 91
        1
280
     0
281
     0
  0
CLASS
  1
DICTIONARYVAR
  2
AcDbDictionaryVar
  3
ObjectDBX Classes
 90
        0
 91
        3
280
     0
281
     0
  0
CLASS
  1
TABLESTYLE
  2
AcDbTableStyle
  3
ObjectDBX Classes
 90
     4095
 91
        3
280
     0
281
     0
  0
CLASS
  1
MATERIAL
  2
AcDbMaterial
  3
ObjectDBX Classes
 90
     1153
 91
        3
280
     0
281
     0
  0
CLASS
  1
VISUALSTYLE
  2
AcDbVisualStyle
  3
ObjectDBX Classes
 90
     4095
 91
        3
280
     0
281
     0
  0
CLASS
  1
SCALE
  2
AcDbScale
  3
ObjectDBX Classes
 90
     1153
 91
        3
280
     0
281
     0
  0
CLASS
  1
MLEADERSTYLE
  2
AcDbMLeaderStyle
  3
ACDB_MLEADERSTYLE_CLASS
 90
     4095
 91
        3
280
     0
281
     0
  0
CLASS
  1
CELLSTYLEMAP
  2
AcDbCellStyleMap
  3
ObjectDBX Classes
 90
     1152
 91
        3
280
     0
281
     0
  0
CLASS
  1
EXACXREFPANELOBJECT
  2
ExAcXREFPanelObject
  3
EXAC_ESW
 90
     1025
 91
        1
280
     1
281
     0
  0
CLASS
  1
NPOCOLLECTION
  2
AcDbImpNonPersistentObjectsCollection
  3
ObjectDBX Classes
 90
     1153
 91
        1
280
     1
281
     0
  0
CLASS
  1
LAYER_INDEX
  2
AcDbLayerIndex
  3
ObjectDBX Classes
 90
        0
 91
        3
280
     0
281
     0
  0
CLASS
  1
SPATIAL_INDEX
  2
AcDbSpatialIndex
  3
AutoCAD 2000
 90
        0
 91
        3
280
     0
281
     0
  0
CLASS
  1
IDBUFFER
  2
AcDbIdBuffer
  3
ObjectDBX Classes
 90
        0
 91
        3
280
     0
281
     0
  0
CLASS
  1
ACDBSECTIONVIEWSTYLE
  2
AcDbSectionViewStyle
  3
ObjectDBX Classes
 90
     1025
 91
        3
280
     0
281
     0
  0
CLASS
  1
ACDBDETAILVIEWSTYLE
  2
AcDbDetailViewStyle
  3
ObjectDBX Classes
 90
     1025
 91
        3
280
     0
281
     0
  0
CLASS
  1
RAPIDRTRENDERSETTINGS
  2
AcDbRapidRTRenderSettings
  3
ObjectDBX Classes
 90
     1024
 91
        3
280
     0
281
     0
  0
CLASS
  1
SORTENTSTABLE
  2
AcDbSortentsTable
  3
ObjectDBX Classes
 90
        0
 91
        3
280
     0
281
     0
  0
CLASS
  1
ACDBASSOCPERSSUBENTMANAGER
  2
AcDbAssocPersSubentManager
  3
ObjectDBX Classes
 90
     1024
 91
        2
280
     1
281
     0
  0
CLASS
  1
SOLID_BACKGROUND
  2
AcDbSolidBackground
  3
SCENEOE
 90
     4095
 91
        3
280
     0
281
     0
  0
ENDSEC
  0
SECTION
  2
TABLES
  0
TABLE
  2
VPORT
  5
8
330
0
100
AcDbSymbolTable
 70
     1
  0
VPORT
  5
EA
330
8
100
AcDbSymbolTableRecord
100
AcDbViewportTableRecord
  2
*Active
 70
     0
 10
0.0
 20
0.0
 11
1.0
 21
1.0
 12
0.0
 22
0.0
 13
0.0
 23
0.0
 14
10.0
 24
10.0
 15
10.0
 25
10.0
 16
3875.870212176852
 26
-3875.870212176852
 36
3875.870212176852
 17
2825.27241732207
 27
2838.231191727918
 37
12.95877440584806
 40
2418.732680466021
 41
2.106071689831748
 42
50.0
 43
0.0
 44
0.0
 50
0.0
 51
0.0000000000000036
 71
     0
 72
  1000
 73
     1
 74
     3
 75
     0
 76
     1
 77
     0
 78
     0
281
     4
 65
     1
110
0.0
120
0.0
130
0.0
111
1.0
121
0.0
131
0.0
112
0.0
122
1.0
132
0.0
 79
     0
146
0.0
348
F9
 60
     3
 61
     5
292
     1
282
     1
141
0.0
142
0.0
 63
   250
421
  3355443
1001
ACAD_NAV_VCDISPLAY
1070
     3
  0
ENDTAB
  0
TABLE
  2
LTYPE
  5
5
330
0
100
AcDbSymbolTable
 70
     1
  0
LTYPE
  5
14
330
5
100
AcDbSymbolTableRecord
100
AcDbLinetypeTableRecord
  2
ByBlock
 70
     0
  3

 72
    65
 73
     0
 40
0.0
  0
LTYPE
  5
15
330
5
100
AcDbSymbolTableRecord
100
AcDbLinetypeTableRecord
  2
ByLayer
 70
     0
  3

 72
    65
 73
     0
 40
0.0
  0
LTYPE
  5
16
330
5
100
AcDbSymbolTableRecord
100
AcDbLinetypeTableRecord
  2
Continuous
 70
     0
  3
Solid line
 72
    65
 73
     0
 40
0.0
  0
ENDTAB
  0
TABLE
  2
LAYER
  5
2
102
{ACAD_XDICTIONARY
360
1FF
102
}
330
0
100
AcDbSymbolTable
 70
     4
  0
LAYER
  5
10
330
2
100
AcDbSymbolTableRecord
100
AcDbLayerTableRecord
  2
0
 70
     0
 62
     7
  6
Continuous
370
    -3
390
F
347
EE
348
0
  0
LAYER
  5
2DF
330
2
100
AcDbSymbolTableRecord
100
AcDbLayerTableRecord
  2
silla1
 70
     0
 62
    25
420
 10642743
430
DIC COLOR GUIDE(R)$DIC 321
  6
Continuous
370
    -3
390
F
347
EE
348
0
1001
AcAecLayerStandard
1000

1000

  0
LAYER
  5
2E1
330
2
100
AcDbSymbolTableRecord
100
AcDbLayerTableRecord
  2
cojin
 70
     0
 62
   254
420
 15657702
430
DIC COLOR GUIDE(R)$DIC 583
  6
Continuous
370
    -3
390
F
347
EE
348
0
1001
AcAecLayerStandard
1000

1000

  0
LAYER
  5
2E3
330
2
100
AcDbSymbolTableRecord
100
AcDbLayerTableRecord
  2
cristal de mesa
 70
     0
 62
   133
420
  8771798
430
DIC COLOR GUIDE(R)$DIC 17
  6
Continuous
370
    -3
390
F
347
EE
348
0
1001
AcAecLayerStandard
1000

1000

  0
ENDTAB
  0
TABLE
  2
STYLE
  5
3
330
0
100
AcDbSymbolTable
 70
     2
  0
STYLE
  5
11
330
3
100
AcDbSymbolTableRecord
100
AcDbTextStyleTableRecord
  2
Standard
 70
     0
 40
0.0
 41
1.0
 50
0.0
 71
     0
 42
2.5
  3
arial.ttf
  4

1001
ACAD
1000
Arial
1071
       34
  0
STYLE
  5
132
330
3
100
AcDbSymbolTableRecord
100
AcDbTextStyleTableRecord
  2
Annotative
 70
     0
 40
0.0
 41
1.0
 50
0.0
 71
     0
 42
2.5
  3
arial.ttf
  4

1001
AcadAnnotative
1000
AnnotativeData
1002
{
1070
     1
1070
     1
1002
}
1001
ACAD
1000
Arial
1071
       34
  0
ENDTAB
  0
TABLE
  2
VIEW
  5
6
330
0
100
AcDbSymbolTable
 70
     0
  0
ENDTAB
  0
TABLE
  2
UCS
  5
7
330
0
100
AcDbSymbolTable
 70
     0
  0
ENDTAB
  0
TABLE
  2
APPID
  5
9
330
0
100
AcDbSymbolTable
 70
     9
  0
APPID
  5
12
330
9
100
AcDbSymbolTableRecord
100
AcDbRegAppTableRecord
  2
ACAD
 70
     0
  0
APPID
  5
9E
330
9
100
AcDbSymbolTableRecord
100
AcDbRegAppTableRecord
  2
ACAD_PSEXT
 70
     0
  0
APPID
  5
133
330
9
100
AcDbSymbolTableRecord
100
AcDbRegAppTableRecord
  2
AcadAnnoPO
 70
     0
  0
APPID
  5
134
330
9
100
AcDbSymbolTableRecord
100
AcDbRegAppTableRecord
  2
AcadAnnotative
 70
     0
  0
APPID
  5
135
330
9
100
AcDbSymbolTableRecord
100
AcDbRegAppTableRecord
  2
ACAD_DSTYLE_DIMJAG
 70
     0
  0
APPID
  5
136
330
9
100
AcDbSymbolTableRecord
100
AcDbRegAppTableRecord
  2
ACAD_DSTYLE_DIMTALN
 70
     0
  0
APPID
  5
165
330
9
100
AcDbSymbolTableRecord
100
AcDbRegAppTableRecord
  2
ACAD_MLEADERVER
 70
     0
  0
APPID
  5
217
330
9
100
AcDbSymbolTableRecord
100
AcDbRegAppTableRecord
  2
ACAD_NAV_VCDISPLAY
 70
     0
  0
APPID
  5
2E4
330
9
100
AcDbSymbolTableRecord
100
AcDbRegAppTableRecord
  2
AcAecLayerStandard
 70
     0
  0
ENDTAB
  0
TABLE
  2
DIMSTYLE
  5
A
330
0
100
AcDbSymbolTable
 70
     3
100
AcDbDimStyleTable
  0
DIMSTYLE
105
1B0
330
A
100
AcDbSymbolTableRecord
100
AcDbDimStyleTableRecord
  2
Standard
 70
     0
178
     0
340
11
  0
DIMSTYLE
105
137
330
A
100
AcDbSymbolTableRecord
100
AcDbDimStyleTableRecord
  2
Annotative
 70
     0
 40
0.0
 41
2.5
 42
0.625
 43
3.75
 44
1.25
 73
     0
 74
     0
 77
     1
 78
     8
140
2.5
141
2.5
143
0.03937007874016
147
0.625
171
     3
172
     1
178
     0
271
     2
272
     2
274
     3
278
    44
283
     0
284
     8
340
11
1001
AcadAnnotative
1000
AnnotativeData
1002
{
1070
     1
1070
     1
1002
}
1001
ACAD_DSTYLE_DIMJAG
1070
   388
1040
1.5
1001
ACAD_DSTYLE_DIMTALN
1070
   392
1070
     0
  0
DIMSTYLE
105
27
330
A
100
AcDbSymbolTableRecord
100
AcDbDimStyleTableRecord
  2
ISO-25
 70
     0
 41
2.5
 42
0.625
 43
3.75
 44
1.25
 73
     0
 74
     0
 77
     1
 78
     8
140
2.5
141
2.5
143
0.03937007874016
147
0.625
171
     3
172
     1
178
     0
271
     2
272
     2
274
     3
278
    44
283
     0
284
     8
340
11
  0
ENDTAB
  0
TABLE
  2
BLOCK_RECORD
  5
1
330
0
100
AcDbSymbolTable
 70
     1
  0
BLOCK_RECORD
  5
1F
330
1
100
AcDbSymbolTableRecord
100
AcDbBlockTableRecord
  2
*Model_Space
340
22
 70
     0
280
     1
281
     0
  0
BLOCK_RECORD
  5
D2
330
1
100
AcDbSymbolTableRecord
100
AcDbBlockTableRecord
  2
*Paper_Space
340
D3
 70
     0
280
     1
281
     0
  0
BLOCK_RECORD
  5
D6
330
1
100
AcDbSymbolTableRecord
100
AcDbBlockTableRecord
  2
*Paper_Space0
340
D7
 70
     0
280
     1
281
     0
  0
ENDTAB
  0
ENDSEC
  0
SECTION
  2
BLOCKS
  0
BLOCK
  5
20
330
1F
100
AcDbEntity
  8
0
100
AcDbBlockBegin
  2
*Model_Space
 70
     0
 10
0.0
 20
0.0
 30
0.0
  3
*Model_Space
  1

  0
ENDBLK
  5
21
330
1F
100
AcDbEntity
  8
0
100
AcDbBlockEnd
  0
BLOCK
  5
D4
330
D2
100
AcDbEntity
 67
     1
  8
0
100
AcDbBlockBegin
  2
*Paper_Space
 70
     0
 10
0.0
 20
0.0
 30
0.0
  3
*Paper_Space
  1

  0
ENDBLK
  5
D5
330
D2
100
AcDbEntity
 67
     1
  8
0
100
AcDbBlockEnd
  0
BLOCK
  5
D8
330
D6
100
AcDbEntity
  8
0
100
AcDbBlockBegin
  2
*Paper_Space0
 70
     0
 10
0.0
 20
0.0
 30
0.0
  3
*Paper_Space0
  1

  0
ENDBLK
  5
D9
330
D6
100
AcDbEntity
  8
0
100
AcDbBlockEnd
  0
ENDSEC
  0
SECTION
  2
ENTITIES
  0
3DSOLID
  5
2EE
330
1F
100
AcDbEntity
  8
cojin
100
AcDbModelerGeometry
290
     1
  2
{6cc725ea-9150-144a-860d-3bc2f125bb5a}
100
AcDb3dSolid
350
0
  0
3DSOLID
  5
2EF
330
1F
100
AcDbEntity
  8
silla1
100
AcDbModelerGeometry
290
     1
  2
{4b4aac8a-f687-6349-9cd6-19ee148b7cfa}
100
AcDb3dSolid
350
0
  0
ENDSEC
  0
SECTION
  2
OBJECTS
  0
DICTIONARY
  5
C
330
0
100
AcDbDictionary
281
     1
  3
ACAD_ASSOCPERSSUBENTMANAGER
350
2EC
  3
ACAD_BACKGROUND
350
2F0
  3
ACAD_CIP_PREVIOUS_PRODUCT_INFO
350
216
  3
ACAD_COLOR
350
6B
  3
ACAD_DETAILVIEWSTYLE
350
21B
  3
ACAD_GROUP
350
D
  3
ACAD_LAST_SAVED_VERSION_INFO
350
2F3
  3
ACAD_LAYOUT
350
1A
  3
ACAD_MATERIAL
350
6A
  3
ACAD_MLEADERSTYLE
350
12D
  3
ACAD_MLINESTYLE
350
17
  3
ACAD_PLOTSETTINGS
350
19
  3
ACAD_PLOTSTYLENAME
350
E
  3
ACAD_RENDER_ACTIVE_RAPIDRT_SETTINGS
350
2DE
  3
ACAD_RENDER_RAPIDRT_SETTINGS
350
2D7
  3
ACAD_SCALELIST
350
10C
  3
ACAD_SECTIONVIEWSTYLE
350
219
  3
ACAD_TABLESTYLE
350
7E
  3
ACAD_VISUALSTYLE
350
EF
  3
ACDB_RECOMPOSE_DATA
350
2F6
  3
AcDbVariableDictionary
350
5E
  0
DICTIONARY
  5
1FF
330
2
100
AcDbDictionary
280
     1
281
     1
  3
ACAD_LAYERSTATES
360
200
  0
ACAD_PROXY_OBJECT
  5
2EC
102
{ACAD_REACTORS
330
C
102
}
330
C
100
AcDbProxyObject
 90
      499
 91
      519
 71
    33
 97
      427
 70
     0
161
               239
310
4090390244A44901409034110541907421094290B4310D4390F4411144A8
  0
DICTIONARY
  5
2F0
102
{ACAD_REACTORS
330
C
102
}
330
C
100
AcDbDictionary
281
     1
  0
XRECORD
  5
216
102
{ACAD_REACTORS
330
C
102
}
330
C
100
AcDbXrecord
280
     1
300
ACD
300
2027
300

  0
DICTIONARY
  5
6B
102
{ACAD_REACTORS
330
C
102
}
330
C
100
AcDbDictionary
281
     1
  0
DICTIONARY
  5
21B
102
{ACAD_REACTORS
330
C
102
}
330
C
100
AcDbDictionary
281
     1
  3
Metric50
350
21C
  0
DICTIONARY
  5
D
102
{ACAD_REACTORS
330
C
102
}
330
C
100
AcDbDictionary
281
     1
  0
XRECORD
  5
2F3
102
{ACAD_REACTORS
330
C
102
}
330
C
100
AcDbXrecord
280
     1
300
{D28D2308-1031-E84D-A702-1E2576B04B6E}
301
{A92D90D4-7BC8-EF40-B02F-FC4ABD6C10DF}
302
{D28D2308-1031-E84D-A702-1E2576B04B6E}
303
C:\Users\geniu\Downloads\chair.dwg
  0
DICTIONARY
  5
1A
102
{ACAD_REACTORS
330
C
102
}
330
C
100
AcDbDictionary
281
     1
  3
Layout1
350
D3
  3
Layout2
350
D7
  3
Model
350
22
  0
DICTIONARY
  5
6A
102
{ACAD_REACTORS
330
C
102
}
330
C
100
AcDbDictionary
281
     1
  3
ByBlock
350
ED
  3
ByLayer
350
EC
  3
Global
350
EE
  0
DICTIONARY
  5
12D
102
{ACAD_REACTORS
330
C
102
}
330
C
100
AcDbDictionary
281
     1
  3
Annotative
350
13B
  3
Standard
350
12E
  0
DICTIONARY
  5
17
102
{ACAD_REACTORS
330
C
102
}
330
C
100
AcDbDictionary
281
     1
  3
Standard
350
18
  0
DICTIONARY
  5
19
102
{ACAD_REACTORS
330
C
102
}
330
C
100
AcDbDictionary
281
     1
  0
ACDBDICTIONARYWDFLT
  5
E
102
{ACAD_REACTORS
330
C
102
}
330
C
100
AcDbDictionary
281
     1
  3
Normal
350
F
100
AcDbDictionaryWithDefault
340
F
  0
RAPIDRTRENDERSETTINGS
  5
2DE
102
{ACAD_REACTORS
330
C
102
}
330
C
100
AcDbRenderSettings
 90
        2
  1
Medium
290
     1
290
     0
290
     1
290
     1
  1

  1
Applies 5 rendering levels
 90
        0
100
AcDbRapidRTRenderSettings
 90
        3
 70
     0
 90
        5
 90
        1
 70
     1
 70
     2
 40
3.0
 40
3.0
290
     1
  0
DICTIONARY
  5
2D7
102
{ACAD_REACTORS
330
C
102
}
330
C
100
AcDbDictionary
281
     1
  3
Coffee-Break Quality
350
2DB
  3
High
350
2DA
  3
Low
350
2D8
  3
Lunch Quality
350
2DC
  3
Medium
350
2D9
  3
Overnight Quality
350
2DD
  0
DICTIONARY
  5
10C
102
{ACAD_REACTORS
330
C
102
}
330
C
100
AcDbDictionary
281
     1
  3
A0
350
10D
  3
A1
350
1BE
  3
A2
350
1BF
  3
A3
350
1C0
  3
A4
350
1C1
  3
A5
350
1C2
  3
A6
350
1C3
  3
A7
350
1C4
  3
A8
350
1C5
  3
A9
350
1C6
  3
B0
350
1C7
  3
B1
350
1C8
  3
B2
350
1C9
  3
B3
350
1CA
  3
B4
350
1CB
  3
B5
350
1CC
  3
B6
350
1CD
  0
DICTIONARY
  5
219
102
{ACAD_REACTORS
330
C
102
}
330
C
100
AcDbDictionary
281
     1
  3
Metric50
350
21A
  0
DICTIONARY
  5
7E
102
{ACAD_REACTORS
330
C
102
}
330
C
100
AcDbDictionary
281
     1
  3
Standard
350
7F
  0
DICTIONARY
  5
EF
102
{ACAD_REACTORS
330
C
102
}
330
C
100
AcDbDictionary
281
     1
  3
2dWireframe
350
F5
  3
Basic
350
F4
  3
Brighten
350
FB
  3
ColorChange
350
FF
  3
Conceptual
350
F8
  3
Dim
350
FA
  3
EdgeColorOff
350
1E6
  3
Facepattern
350
FE
  3
Flat
350
F0
  3
FlatWithEdges
350
F1
  3
Gouraud
350
F2
  3
GouraudWithEdges
350
F3
  3
Hidden
350
F7
  3
JitterOff
350
1E4
  3
Linepattern
350
FD
  3
OverhangOff
350
1E5
  3
Realistic
350
F9
  3
Shaded
350
1F3
  3
Shaded with edges
350
1F2
  3
Shades of Gray
350
1EF
  3
Sketchy
350
1F0
  3
Thicken
350
FC
  3
Wireframe
350
F6
  3
X-Ray
350
1F1
  0
XRECORD
  5
2F6
102
{ACAD_REACTORS
330
C
102
}
330
C
100
AcDbXrecord
280
     1
 90
        1
330
7F
  0
DICTIONARY
  5
5E
102
{ACAD_REACTORS
330
C
102
}
330
C
100
AcDbDictionary
281
     1
  3
CANNOSCALE
350
146
  3
CENTEREXE
350
259
  3
CENTERLTYPEFILE
350
25A
  3
CMLEADERSTYLE
350
145
  3
CTABLESTYLE
350
84
  3
CVIEWDETAILSTYLE
350
227
  3
CVIEWSECTIONSTYLE
350
228
  3
DIMASSOC
350
5F
  3
HIDETEXT
350
63
  3
LAYEREVAL
350
1AE
  3
LAYERNOTIFY
350
1AF
  0
DICTIONARY
  5
200
102
{ACAD_REACTORS
330
1FF
102
}
330
1FF
100
AcDbDictionary
281
     1
  0
ACDBDETAILVIEWSTYLE
  5
21C
102
{ACAD_REACTORS
330
21B
102
}
330
21B
100
AcDbModelDocViewStyle
 70
     0
  3
Metric50
290
     0
300
Metric50
 90
        0
100
AcDbDetailViewStyle
 70
     0
 71
     0
 90
        3
 71
     1
340
11
 62
   256
 40
5.0
340
0
 62
   256
 40
5.0
300

 40
0.0
280
     1
 71
     2
340
16
 90
       25
 62
   256
 71
     3
340
11
 62
   256
 40
5.0
 90
        0
 40
15.0
 90
        1
300
%<\AcVar ViewDetailId>% (%<\AcVar ViewScale \f "%sn">%)
 71
     4
340
16
 90
       25
 62
   256
340
16
 90
       25
 62
   256
280
     0
  0
LAYOUT
  5
D3
102
{ACAD_REACTORS
330
1A
102
}
330
1A
100
AcDbPlotSettings
  1

  2
C:\Documents and Settings\basas\Application Data\Autodesk\AutoCAD 2005\R16.1\enu\plotters\Default Windows System Printer.pc3
  4

  6

 40
0.0
 41
0.0
 42
0.0
 43
0.0
 44
0.0
 45
0.0
 46
0.0
 47
0.0
 48
0.0
 49
0.0
140
0.0
141
0.0
142
1.0
143
1.0
 70
   688
 72
     0
 73
     0
 74
     5
  7

 75
    16
 76
     0
 77
     2
 78
   300
147
1.0
148
0.0
149
0.0
100
AcDbLayout
  1
Layout1
 70
     1
 71
     1
 10
0.0
 20
0.0
 11
12.0
 21
9.0
 12
0.0
 22
0.0
 32
0.0
 14
0.0
 24
0.0
 34
0.0
 15
0.0
 25
0.0
 35
0.0
146
0.0
 13
0.0
 23
0.0
 33
0.0
 16
1.0
 26
0.0
 36
0.0
 17
0.0
 27
1.0
 37
0.0
 76
     0
330
D2
  0
LAYOUT
  5
D7
102
{ACAD_REACTORS
330
1A
102
}
330
1A
100
AcDbPlotSettings
  1

  2
C:\Documents and Settings\basas\Application Data\Autodesk\AutoCAD 2005\R16.1\enu\plotters\Default Windows System Printer.pc3
  4

  6

 40
0.0
 41
0.0
 42
0.0
 43
0.0
 44
0.0
 45
0.0
 46
0.0
 47
0.0
 48
0.0
 49
0.0
140
0.0
141
0.0
142
1.0
143
1.0
 70
   688
 72
     0
 73
     0
 74
     5
  7

 75
    16
 76
     0
 77
     2
 78
   300
147
1.0
148
0.0
149
0.0
100
AcDbLayout
  1
Layout2
 70
     1
 71
     2
 10
0.0
 20
0.0
 11
12.0
 21
9.0
 12
0.0
 22
0.0
 32
0.0
 14
0.0
 24
0.0
 34
0.0
 15
0.0
 25
0.0
 35
0.0
146
0.0
 13
0.0
 23
0.0
 33
0.0
 16
1.0
 26
0.0
 36
0.0
 17
0.0
 27
1.0
 37
0.0
 76
     0
330
D6
  0
LAYOUT
  5
22
102
{ACAD_REACTORS
330
1A
102
}
102
{ACAD_XDICTIONARY
360
205
102
}
330
1A
100
AcDbPlotSettings
  1

  2
none_device
  4
ISO_A4_(210.00_x_297.00_MM)
  6

 40
7.5
 41
20.0
 42
7.5
 43
20.0
 44
210.0
 45
297.0
 46
11.54999923706055
 47
-13.65000009536743
 48
0.0
 49
0.0
140
0.0
141
0.0
142
1.0
143
8.704084754739808
 70
 11952
 72
     1
 73
     0
 74
     0
  7

 75
     0
 76
     0
 77
     2
 78
   300
147
0.1148885871608098
148
0.0
149
0.0
100
AcDbLayout
  1
Model
 70
     1
 71
     0
 10
0.0
 20
0.0
 11
12.0
 21
9.0
 12
0.0
 22
0.0
 32
0.0
 14
0.0
 24
0.0
 34
0.0
 15
0.0
 25
0.0
 35
0.0
146
0.0
 13
0.0
 23
0.0
 33
0.0
 16
1.0
 26
0.0
 36
0.0
 17
0.0
 27
1.0
 37
0.0
 76
     0
330
1F
331
EA
1001
ACAD_PSEXT
1000
None
1000
None
1000
Not applicable
1000
The layout will not be plotted unless a new plotter configuration name is selected.
1070
     0
  0
MATERIAL
  5
ED
102
{ACAD_REACTORS
330
6A
102
}
102
{ACAD_XDICTIONARY
360
1F9
102
}
330
6A
100
AcDbMaterial
  1
ByBlock
 72
     1
 73
     2
 78
     2
172
     2
176
     2
270
     2
274
     2
 94
       63
  0
MATERIAL
  5
EC
102
{ACAD_REACTORS
330
6A
102
}
102
{ACAD_XDICTIONARY
360
1F7
102
}
330
6A
100
AcDbMaterial
  1
ByLayer
 72
     1
 73
     2
 78
     2
172
     2
176
     2
270
     2
274
     2
 94
       63
  0
MATERIAL
  5
EE
102
{ACAD_REACTORS
330
6A
102
}
102
{ACAD_XDICTIONARY
360
173
102
}
330
6A
100
AcDbMaterial
  1
Global
 72
     1
 73
     2
 43
0.0007999999797903
 43
0.0
 43
0.0
 43
0.0
 43
0.0
 43
0.0007999999797903
 43
0.0
 43
0.0
 43
0.0
 43
0.0
 43
1.0
 43
0.0
 43
0.0
 43
0.0
 43
0.0
 43
1.0
 78
     2
172
     2
 49
0.0007999999797903
 49
0.0
 49
0.0
 49
0.0
 49
0.0
 49
0.0007999999797903
 49
0.0
 49
0.0
 49
0.0
 49
0.0
 49
1.0
 49
0.0
 49
0.0
 49
0.0
 49
0.0
 49
1.0
176
     2
142
0.0007999999797903
142
0.0
142
0.0
142
0.0
142
0.0
142
0.0007999999797903
142
0.0
142
0.0
142
0.0
142
0.0
142
1.0
142
0.0
142
0.0
142
0.0
142
0.0
142
1.0
270
     2
144
0.0007999999797903
144
0.0
144
0.0
144
0.0
144
0.0
144
0.0007999999797903
144
0.0
144
0.0
144
0.0
144
0.0
144
1.0
144
0.0
144
0.0
144
0.0
144
0.0
144
1.0
274
     2
 94
       63
1001
ACAD
1070
    -1
1070
     3
1070
     0
1000

1071
        0
1070
     0
  0
MLEADERSTYLE
  5
13B
102
{ACAD_REACTORS
330
12D
102
}
330
12D
100
AcDbMLeaderStyle
179
     2
170
     2
171
     1
172
     0
 90
        2
 40
0.0
 41
0.0
173
     1
 91
-1056964608
340
14
 92
       -2
290
     1
 42
2.0
291
     1
 43
8.0
  3
Standard
341
0
 44
4.0
300

342
11
174
     1
178
     1
175
     1
176
     0
 93
-1056964608
 45
4.0
292
     0
297
     0
 46
4.0
343
0
 94
-1056964608
 47
1.0
 49
1.0
140
1.0
293
     1
141
0.0
294
     1
177
     0
142
1.0
295
     0
296
     1
143
3.75
271
     0
272
     9
273
     9
298
     0
  0
MLEADERSTYLE
  5
12E
102
{ACAD_REACTORS
330
12D
102
}
330
12D
100
AcDbMLeaderStyle
179
     2
170
     2
171
     1
172
     0
 90
        2
 40
0.0
 41
0.0
173
     1
 91
-1056964608
340
14
 92
       -2
290
     1
 42
2.0
291
     1
 43
8.0
  3
Standard
341
0
 44
4.0
300

342
11
174
     1
178
     1
175
     1
176
     0
 93
-1056964608
 45
4.0
292
     0
297
     0
 46
4.0
343
0
 94
-1056964608
 47
1.0
 49
1.0
140
1.0
293
     1
141
0.0
294
     1
177
     0
142
1.0
295
     0
296
     0
143
3.75
271
     0
272
     9
273
     9
298
     0
  0
MLINESTYLE
  5
18
102
{ACAD_REACTORS
330
17
102
}
330
17
100
AcDbMlineStyle
  2
STANDARD
 70
     0
  3

 62
   256
 51
90.0
 52
90.0
 71
     2
 49
0.5
 62
   256
  6
BYLAYER
 49
-0.5
 62
   256
  6
BYLAYER
  0
ACDBPLACEHOLDER
  5
F
102
{ACAD_REACTORS
330
E
102
}
330
E
  0
RAPIDRTRENDERSETTINGS
  5
2DB
102
{ACAD_REACTORS
330
2D7
102
}
330
2D7
100
AcDbRenderSettings
 90
        2
  1
Coffee-Break Quality
290
     1
290
     0
290
     1
290
     1
  1

  1
Renders for 10 minutes
 90
        3
100
AcDbRapidRTRenderSettings
 90
        3
 70
     1
 90
        1
 90
       10
 70
     1
 70
     2
 40
3.0
 40
3.0
290
     1
  0
RAPIDRTRENDERSETTINGS
  5
2DA
102
{ACAD_REACTORS
330
2D7
102
}
330
2D7
100
AcDbRenderSettings
 90
        2
  1
High
290
     1
290
     0
290
     1
290
     1
  1

  1
Applies 10 rendering levels
 90
        2
100
AcDbRapidRTRenderSettings
 90
        3
 70
     0
 90
       10
 90
        1
 70
     2
 70
     2
 40
3.0
 40
3.0
290
     1
  0
RAPIDRTRENDERSETTINGS
  5
2D8
102
{ACAD_REACTORS
330
2D7
102
}
330
2D7
100
AcDbRenderSettings
 90
        2
  1
Low
290
     1
290
     0
290
     1
290
     1
  1

  1
Applies 1 rendering level
 90
        0
100
AcDbRapidRTRenderSettings
 90
        3
 70
     0
 90
        1
 90
        1
 70
     0
 70
     2
 40
3.0
 40
3.0
290
     1
  0
RAPIDRTRENDERSETTINGS
  5
2DC
102
{ACAD_REACTORS
330
2D7
102
}
330
2D7
100
AcDbRenderSettings
 90
        2
  1
Lunch Quality
290
     1
290
     0
290
     1
290
     1
  1

  1
Renders for 60 minutes
 90
        4
100
AcDbRapidRTRenderSettings
 90
        3
 70
     1
 90
        1
 90
       60
 70
     2
 70
     2
 40
3.0
 40
3.0
290
     1
  0
RAPIDRTRENDERSETTINGS
  5
2D9
102
{ACAD_REACTORS
330
2D7
102
}
330
2D7
100
AcDbRenderSettings
 90
        2
  1
Medium
290
     1
290
     0
290
     1
290
     1
  1

  1
Applies 5 rendering levels
 90
        1
100
AcDbRapidRTRenderSettings
 90
        3
 70
     0
 90
        5
 90
        1
 70
     1
 70
     2
 40
3.0
 40
3.0
290
     1
  0
RAPIDRTRENDERSETTINGS
  5
2DD
102
{ACAD_REACTORS
330
2D7
102
}
330
2D7
100
AcDbRenderSettings
 90
        2
  1
Overnight Quality
290
     1
290
     0
290
     1
290
     1
  1

  1
Renders for 12 hours
 90
        5
100
AcDbRapidRTRenderSettings
 90
        3
 70
     1
 90
        1
 90
      720
 70
     2
 70
     2
 40
3.0
 40
3.0
290
     1
  0
SCALE
  5
10D
102
{ACAD_REACTORS
330
10C
102
}
330
10C
100
AcDbScale
 70
     0
300
1:1
140
1.0
141
1.0
290
     1
  0
SCALE
  5
1BE
102
{ACAD_REACTORS
330
10C
102
}
330
10C
100
AcDbScale
 70
     0
300
1:2
140
1.0
141
2.0
290
     0
  0
SCALE
  5
1BF
102
{ACAD_REACTORS
330
10C
102
}
330
10C
100
AcDbScale
 70
     0
300
1:4
140
1.0
141
4.0
290
     0
  0
SCALE
  5
1C0
102
{ACAD_REACTORS
330
10C
102
}
330
10C
100
AcDbScale
 70
     0
300
1:5
140
1.0
141
5.0
290
     0
  0
SCALE
  5
1C1
102
{ACAD_REACTORS
330
10C
102
}
330
10C
100
AcDbScale
 70
     0
300
1:8
140
1.0
141
8.0
290
     0
  0
SCALE
  5
1C2
102
{ACAD_REACTORS
330
10C
102
}
330
10C
100
AcDbScale
 70
     0
300
1:10
140
1.0
141
10.0
290
     0
  0
SCALE
  5
1C3
102
{ACAD_REACTORS
330
10C
102
}
330
10C
100
AcDbScale
 70
     0
300
1:16
140
1.0
141
16.0
290
     0
  0
SCALE
  5
1C4
102
{ACAD_REACTORS
330
10C
102
}
330
10C
100
AcDbScale
 70
     0
300
1:20
140
1.0
141
20.0
290
     0
  0
SCALE
  5
1C5
102
{ACAD_REACTORS
330
10C
102
}
330
10C
100
AcDbScale
 70
     0
300
1:30
140
1.0
141
30.0
290
     0
  0
SCALE
  5
1C6
102
{ACAD_REACTORS
330
10C
102
}
330
10C
100
AcDbScale
 70
     0
300
1:40
140
1.0
141
40.0
290
     0
  0
SCALE
  5
1C7
102
{ACAD_REACTORS
330
10C
102
}
330
10C
100
AcDbScale
 70
     0
300
1:50
140
1.0
141
50.0
290
     0
  0
SCALE
  5
1C8
102
{ACAD_REACTORS
330
10C
102
}
330
10C
100
AcDbScale
 70
     0
300
1:100
140
1.0
141
100.0
290
     0
  0
SCALE
  5
1C9
102
{ACAD_REACTORS
330
10C
102
}
330
10C
100
AcDbScale
 70
     0
300
2:1
140
2.0
141
1.0
290
     0
  0
SCALE
  5
1CA
102
{ACAD_REACTORS
330
10C
102
}
330
10C
100
AcDbScale
 70
     0
300
4:1
140
4.0
141
1.0
290
     0
  0
SCALE
  5
1CB
102
{ACAD_REACTORS
330
10C
102
}
330
10C
100
AcDbScale
 70
     0
300
8:1
140
8.0
141
1.0
290
     0
  0
SCALE
  5
1CC
102
{ACAD_REACTORS
330
10C
102
}
330
10C
100
AcDbScale
 70
     0
300
10:1
140
10.0
141
1.0
290
     0
  0
SCALE
  5
1CD
102
{ACAD_REACTORS
330
10C
102
}
330
10C
100
AcDbScale
 70
     0
300
100:1
140
100.0
141
1.0
290
     0
  0
ACDBSECTIONVIEWSTYLE
  5
21A
102
{ACAD_REACTORS
330
219
102
}
330
219
100
AcDbModelDocViewStyle
 70
     0
  3
Metric50
290
     0
300
Metric50
 90
        0
100
AcDbSectionViewStyle
 70
     0
 71
     0
 90
      102
 71
     1
340
11
 62
   256
 40
5.0
340
0
340
0
 62
   256
 40
5.0
300
I, O, Q, S, X, Z
 40
10.0
 90
        0
 40
2.5
 90
        0
 71
     2
340
16
 90
       25
 62
   256
340
16
 90
       50
 62
   256
 40
5.0
 40
2.5
 40
5.0
 71
     3
340
11
 62
   256
 40
5.0
 90
        0
 40
15.0
 90
        1
300
%<\AcVar ViewSectionStartId>%-%<\AcVar ViewSectionEndId>% (%<\AcVar ViewScale \f "%sn">%)
 71
     4
 62
   256
 62
   257
300
ANSI31
 40
1.0
 90
        0
290
     0
290
     0
 90
        6
 40
0.0
 40
1.570796326794897
 40
0.2617993877991494
 40
1.308996938995747
 40
-0.2617993877991494
 40
1.832595714594046
  0
TABLESTYLE
  5
7F
102
{ACAD_REACTORS
330
7E
102
}
102
{ACAD_XDICTIONARY
360
2F4
102
}
330
7E
100
AcDbTableStyle
  3
Standard
 70
     0
 71
     0
 40
1.5
 41
1.5
280
     0
281
     0
  7
Standard
140
4.5
170
     2
 62
     0
 63
   257
283
     0
 90
      512
 91
        0
  1

274
    -2
284
     1
 64
     0
275
    -2
285
     1
 65
     0
276
    -2
286
     1
 66
     0
277
    -2
287
     1
 67
     0
278
    -2
288
     1
 68
     0
279
    -2
289
     1
 69
     0
  7
Standard
140
6.0
170
     5
 62
     0
 63
   257
283
     0
 90
      512
 91
        0
  1

274
    -2
284
     1
 64
     0
275
    -2
285
     1
 65
     0
276
    -2
286
     1
 66
     0
277
    -2
287
     1
 67
     0
278
    -2
288
     1
 68
     0
279
    -2
289
     1
 69
     0
  7
Standard
140
4.5
170
     5
 62
     0
 63
   257
283
     0
 90
      512
 91
        0
  1

274
    -2
284
     1
 64
     0
275
    -2
285
     1
 65
     0
276
    -2
286
     1
 66
     0
277
    -2
287
     1
 67
     0
278
    -2
288
     1
 68
     0
279
    -2
289
     1
 69
     0
  0
VISUALSTYLE
  5
F5
102
{ACAD_REACTORS
330
EF
102
}
330
EF
100
AcDbVisualStyle
  2
2dWireframe
 70
     4
177
     3
291
     0
 70
    58
 90
        0
176
     1
 90
        2
176
     1
 90
        1
176
     1
 90
        0
176
     1
 40
0.6
176
     1
 40
30.0
176
     1
 62
     7
420
 16777215
176
     1
 90
        1
176
     1
 90
        4
176
     1
 62
     7
176
     1
 62
   257
176
     1
 90
        1
176
     1
 90
        1
176
     1
 40
1.0
176
     1
 90
        0
176
     1
 62
   257
176
     1
 40
1.0
176
     1
 90
        1
176
     1
 90
        6
176
     1
 90
        2
176
     1
 62
     7
176
     1
 90
        5
176
     1
 90
        0
176
     1
 90
        0
176
     1
290
     0
176
     1
 90
        1
176
     1
 40
0.0
176
     1
 90
        0
176
     1
290
     1
176
     1
290
     1
176
     1
290
     0
176
     1
290
     0
176
     1
290
     0
176
     1
290
     0
176
     1
290
     0
176
     1
290
     0
176
     1
290
     0
176
     1
 90
       50
176
     1
 40
0.0
176
     1
 40
1.0
176
     1
 90
        0
176
     1
 62
    18
420
        0
176
     1
 90
       50
176
     1
 90
        3
176
     1
 62
     5
420
      255
176
     1
290
     0
176
     1
 90
       50
176
     1
 90
       50
176
     1
 90
       50
176
     1
290
     0
176
     1
 90
       50
176
     1
 62
   256
176
     0
 40
1.0
176
     0
 90
        2
176
     1
  1
strokes_ogs.tif
176
     1
290
     0
176
     1
 40
1.0
176
     1
 40
1.0
176
     1
  0
VISUALSTYLE
  5
F4
102
{ACAD_REACTORS
330
EF
102
}
330
EF
100
AcDbVisualStyle
  2
Basic
 70
     7
177
     3
291
     1
 70
    58
 90
        1
176
     1
 90
        0
176
     1
 90
        1
176
     1
 90
        0
176
     1
 40
0.6
176
     1
 40
30.0
176
     1
 62
     7
420
 16777215
176
     1
 90
        0
176
     1
 90
        4
176
     1
 62
     7
176
     1
 62
   257
176
     1
 90
        1
176
     1
 90
        1
176
     1
 40
1.0
176
     1
 90
        8
176
     1
 62
     7
176
     1
 40
1.0
176
     1
 90
        1
176
     1
 90
        6
176
     1
 90
        2
176
     1
 62
     7
176
     1
 90
        5
176
     1
 90
        0
176
     1
 90
        0
176
     1
290
     0
176
     1
 90
        1
176
     1
 40
0.0
176
     1
 90
        0
176
     1
290
     0
176
     1
290
     1
176
     1
290
     1
176
     1
290
     0
176
     1
290
     0
176
     1
290
     0
176
     1
290
     0
176
     1
290
     0
176
     1
290
     0
176
     1
 90
       50
176
     1
 40
0.0
176
     1
 40
1.0
176
     1
 90
        0
176
     1
 62
    18
420
        0
176
     1
 90
       50
176
     1
 90
        3
176
     1
 62
     5
420
      255
176
     1
290
     0
176
     1
 90
       50
176
     1
 90
       50
176
     1
 90
       50
176
     1
290
     0
176
     1
 90
       50
176
     1
 62
   256
176
     0
 40
1.0
176
     0
 90
        2
176
     1
  1
strokes_ogs.tif
176
     1
290
     0
176
     1
 40
1.0
176
     1
 40
1.0
176
     1
  0
VISUALSTYLE
  5
FB
102
{ACAD_REACTORS
330
EF
102
}
330
EF
100
AcDbVisualStyle
  2
Brighten
 70
    12
177
     3
291
     1
 70
    58
 90
        2
176
     1
 90
        2
176
     1
 90
        1
176
     1
 90
        0
176
     1
 40
0.6
176
     1
 40
30.0
176
     1
 62
     7
420
 16777215
176
     1
 90
        1
176
     1
 90
        4
176
     1
 62
     7
176
     1
 62
   257
176
     1
 90
        1
176
     1
 90
        1
176
     1
 40
1.0
176
     1
 90
        8
176
     1
 62
     7
176
     1
 40
1.0
176
     1
 90
        1
176
     1
 90
        6
176
     1
 90
        2
176
     1
 62
     7
176
     1
 90
        5
176
     1
 90
        0
176
     1
 90
        0
176
     1
290
     0
176
     1
 90
        1
176
     1
 40
50.0
176
     1
 90
        0
176
     1
290
     0
176
     1
290
     1
176
     1
290
     1
176
     1
290
     0
176
     1
290
     0
176
     1
290
     0
176
     1
290
     0
176
     1
290
     0
176
     1
290
     0
176
     1
 90
       50
176
     1
 40
0.0
176
     1
 40
1.0
176
     1
 90
        0
176
     1
 62
    18
420
        0
176
     1
 90
       50
176
     1
 90
        3
176
     1
 62
     5
420
      255
176
     1
290
     0
176
     1
 90
       50
176
     1
 90
       50
176
     1
 90
       50
176
     1
290
     0
176
     1
 90
       50
176
     1
 62
   256
176
     0
 40
1.0
176
     0
 90
        2
176
     1
  1
strokes_ogs.tif
176
     1
290
     0
176
     1
 40
1.0
176
     1
 40
1.0
176
     1
  0
VISUALSTYLE
  5
FF
102
{ACAD_REACTORS
330
EF
102
}
330
EF
100
AcDbVisualStyle
  2
ColorChange
 70
    16
177
     3
291
     1
 70
    58
 90
        2
176
     1
 90
        2
176
     1
 90
        3
176
     1
 90
        0
176
     1
 40
0.6
176
     1
 40
30.0
176
     1
 62
     8
420
  8421504
176
     1
 90
        1
176
     1
 90
        4
176
     1
 62
     7
176
     1
 62
   257
176
     1
 90
        1
176
     1
 90
        1
176
     1
 40
1.0
176
     1
 90
        8
176
     1
 62
     8
420
  8421504
176
     1
 40
1.0
176
     1
 90
        1
176
     1
 90
        6
176
     1
 90
        2
176
     1
 62
     7
176
     1
 90
        5
176
     1
 90
        0
176
     1
 90
        0
176
     1
290
     0
176
     1
 90
        1
176
     1
 40
0.0
176
     1
 90
        0
176
     1
290
     0
176
     1
290
     1
176
     1
290
     1
176
     1
290
     0
176
     1
290
     0
176
     1
290
     0
176
     1
290
     0
176
     1
290
     0
176
     1
290
     0
176
     1
 90
       50
176
     1
 40
0.0
176
     1
 40
1.0
176
     1
 90
        0
176
     1
 62
    18
420
        0
176
     1
 90
       50
176
     1
 90
        3
176
     1
 62
     5
420
      255
176
     1
290
     0
176
     1
 90
       50
176
     1
 90
       50
176
     1
 90
       50
176
     1
290
     0
176
     1
 90
       50
176
     1
 62
   256
176
     0
 40
1.0
176
     0
 90
        2
176
     1
  1
strokes_ogs.tif
176
     1
290
     0
176
     1
 40
1.0
176
     1
 40
1.0
176
     1
  0
VISUALSTYLE
  5
F8
102
{ACAD_REACTORS
330
EF
102
}
330
EF
100
AcDbVisualStyle
  2
Conceptual
 70
     9
177
     3
291
     0
 70
    58
 90
        3
176
     1
 90
        2
176
     1
 90
        1
176
     1
 90
        0
176
     1
 40
0.6
176
     1
 40
30.0
176
     1
 62
     7
420
 16777215
176
     1
 90
        2
176
     1
 90
        2
176
     1
 62
     7
176
     1
 62
   257
176
     1
 90
        1
176
     1
 90
        1
176
     1
 40
40.0
176
     1
 90
        8
176
     1
 62
     7
176
     1
 40
1.0
176
     1
 90
        1
176
     1
 90
        6
176
     1
 90
        2
176
     1
 62
     7
176
     1
 90
        3
176
     1
 90
        0
176
     1
 90
        0
176
     1
290
     0
176
     1
 90
        1
176
     1
 40
0.0
176
     1
 90
        0
176
     1
290
     0
176
     1
290
     1
176
     1
290
     1
176
     1
290
     0
176
     1
290
     0
176
     1
290
     0
176
     1
290
     0
176
     1
290
     0
176
     1
290
     0
176
     1
 90
       50
176
     1
 40
0.0
176
     1
 40
1.0
176
     1
 90
        0
176
     1
 62
    18
420
        0
176
     1
 90
       50
176
     1
 90
        3
176
     1
 62
     5
420
      255
176
     1
290
     0
176
     1
 90
       50
176
     1
 90
       50
176
     1
 90
       50
176
     1
290
     0
176
     1
 90
       50
176
     1
 62
   256
176
     0
 40
1.0
176
     0
 90
        2
176
     1
  1
strokes_ogs.tif
176
     1
290
     0
176
     1
 40
1.0
176
     1
 40
1.0
176
     1
  0
VISUALSTYLE
  5
FA
102
{ACAD_REACTORS
330
EF
102
}
330
EF
100
AcDbVisualStyle
  2
Dim
 70
    11
177
     3
291
     1
 70
    58
 90
        2
176
     1
 90
        2
176
     1
 90
        1
176
     1
 90
        0
176
     1
 40
0.6
176
     1
 40
30.0
176
     1
 62
     7
420
 16777215
176
     1
 90
        1
176
     1
 90
        4
176
     1
 62
     7
176
     1
 62
   257
176
     1
 90
        1
176
     1
 90
        1
176
     1
 40
1.0
176
     1
 90
        8
176
     1
 62
     7
176
     1
 40
1.0
176
     1
 90
        1
176
     1
 90
        6
176
     1
 90
        2
176
     1
 62
     7
176
     1
 90
        5
176
     1
 90
        0
176
     1
 90
        0
176
     1
290
     0
176
     1
 90
        1
176
     1
 40
-50.0
176
     1
 90
        0
176
     1
290
     0
176
     1
290
     1
176
     1
290
     1
176
     1
290
     0
176
     1
290
     0
176
     1
290
     0
176
     1
290
     0
176
     1
290
     0
176
     1
290
     0
176
     1
 90
       50
176
     1
 40
0.0
176
     1
 40
1.0
176
     1
 90
        0
176
     1
 62
    18
420
        0
176
     1
 90
       50
176
     1
 90
        3
176
     1
 62
     5
420
      255
176
     1
290
     0
176
     1
 90
       50
176
     1
 90
       50
176
     1
 90
       50
176
     1
290
     0
176
     1
 90
       50
176
     1
 62
   256
176
     0
 40
1.0
176
     0
 90
        2
176
     1
  1
strokes_ogs.tif
176
     1
290
     0
176
     1
 40
1.0
176
     1
 40
1.0
176
     1
  0
VISUALSTYLE
  5
1E6
102
{ACAD_REACTORS
330
EF
102
}
330
EF
100
AcDbVisualStyle
  2
EdgeColorOff
 70
    22
177
     3
291
     1
 70
    58
 90
        2
176
     0
 90
        2
176
     0
 90
        0
176
     0
 90
        0
176
     0
 40
0.6
176
     0
 40
30.0
176
     0
 62
     7
420
 16777215
176
     0
 90
        1
176
     0
 90
        4
176
     0
 62
     7
176
     0
 62
   257
176
     0
 90
        1
176
     0
 90
        1
176
     0
 40
1.0
176
     0
 90
        8
176
     2
 62
     7
176
     0
 40
1.0
176
     0
 90
        1
176
     0
 90
        6
176
     0
 90
        2
176
     0
 62
     7
176
     0
 90
        5
176
     0
 90
        0
176
     0
 90
        0
176
     0
290
     0
176
     0
 90
        1
176
     0
 40
0.0
176
     0
 90
        0
176
     0
290
     0
176
     1
290
     1
176
     1
290
     1
176
     1
290
     0
176
     1
290
     0
176
     1
290
     0
176
     1
290
     0
176
     1
290
     0
176
     1
290
     0
176
     1
 90
       50
176
     1
 40
0.0
176
     1
 40
1.0
176
     1
 90
        0
176
     1
 62
    18
420
        0
176
     1
 90
       50
176
     1
 90
        3
176
     1
 62
     5
420
      255
176
     1
290
     0
176
     1
 90
       50
176
     1
 90
       50
176
     1
 90
       50
176
     1
290
     0
176
     1
 90
       50
176
     1
 62
   256
176
     0
 40
1.0
176
     0
 90
        2
176
     1
  1
strokes_ogs.tif
176
     1
290
     0
176
     1
 40
1.0
176
     1
 40
1.0
176
     1
  0
VISUALSTYLE
  5
FE
102
{ACAD_REACTORS
330
EF
102
}
330
EF
100
AcDbVisualStyle
  2
Facepattern
 70
    15
177
     3
291
     1
 70
    58
 90
        2
176
     1
 90
        2
176
     1
 90
        1
176
     1
 90
        0
176
     1
 40
0.6
176
     1
 40
30.0
176
     1
 62
     7
420
 16777215
176
     1
 90
        1
176
     1
 90
        4
176
     1
 62
     7
176
     1
 62
   257
176
     1
 90
        1
176
     1
 90
        1
176
     1
 40
1.0
176
     1
 90
        8
176
     1
 62
     7
176
     1
 40
1.0
176
     1
 90
        1
176
     1
 90
        6
176
     1
 90
        2
176
     1
 62
     7
176
     1
 90
        5
176
     1
 90
        0
176
     1
 90
        0
176
     1
290
     0
176
     1
 90
        1
176
     1
 40
0.0
176
     1
 90
        0
176
     1
290
     0
176
     1
290
     1
176
     1
290
     1
176
     1
290
     0
176
     1
290
     0
176
     1
290
     0
176
     1
290
     0
176
     1
290
     0
176
     1
290
     0
176
     1
 90
       50
176
     1
 40
0.0
176
     1
 40
1.0
176
     1
 90
        0
176
     1
 62
    18
420
        0
176
     1
 90
       50
176
     1
 90
        3
176
     1
 62
     5
420
      255
176
     1
290
     0
176
     1
 90
       50
176
     1
 90
       50
176
     1
 90
       50
176
     1
290
     0
176
     1
 90
       50
176
     1
 62
   256
176
     0
 40
1.0
176
     0
 90
        2
176
     1
  1
strokes_ogs.tif
176
     1
290
     0
176
     1
 40
1.0
176
     1
 40
1.0
176
     1
  0
VISUALSTYLE
  5
F0
102
{ACAD_REACTORS
330
EF
102
}
330
EF
100
AcDbVisualStyle
  2
Flat
 70
     0
177
     3
291
     1
 70
    58
 90
        2
176
     1
 90
        1
176
     1
 90
        1
176
     1
 90
        2
176
     1
 40
0.6
176
     1
 40
30.0
176
     1
 62
     7
420
 16777215
176
     1
 90
        0
176
     1
 90
        0
176
     1
 62
     7
176
     1
 62
   257
176
     1
 90
        1
176
     1
 90
        1
176
     1
 40
1.0
176
     1
 90
        8
176
     1
 62
     7
176
     1
 40
1.0
176
     1
 90
        1
176
     1
 90
        6
176
     1
 90
        2
176
     1
 62
     7
176
     1
 90
        5
176
     1
 90
        0
176
     1
 90
        0
176
     1
290
     0
176
     1
 90
       13
176
     1
 40
0.0
176
     1
 90
        0
176
     1
290
     0
176
     1
290
     1
176
     1
290
     1
176
     1
290
     0
176
     1
290
     0
176
     1
290
     0
176
     1
290
     0
176
     1
290
     0
176
     1
290
     0
176
     1
 90
       50
176
     1
 40
0.0
176
     1
 40
1.0
176
     1
 90
        0
176
     1
 62
    18
420
        0
176
     1
 90
       50
176
     1
 90
        3
176
     1
 62
     5
420
      255
176
     1
290
     0
176
     1
 90
       50
176
     1
 90
       50
176
     1
 90
       50
176
     1
290
     0
176
     1
 90
       50
176
     1
 62
   256
176
     0
 40
1.0
176
     0
 90
        2
176
     1
  1
strokes_ogs.tif
176
     1
290
     0
176
     1
 40
1.0
176
     1
 40
1.0
176
     1
  0
VISUALSTYLE
  5
F1
102
{ACAD_REACTORS
330
EF
102
}
330
EF
100
AcDbVisualStyle
  2
FlatWithEdges
 70
     1
177
     3
291
     1
 70
    58
 90
        2
176
     1
 90
        1
176
     1
 90
        1
176
     1
 90
        2
176
     1
 40
0.6
176
     1
 40
30.0
176
     1
 62
     7
420
 16777215
176
     1
 90
        1
176
     1
 90
        0
176
     1
 62
     7
176
     1
 62
   257
176
     1
 90
        1
176
     1
 90
        1
176
     1
 40
1.0
176
     1
 90
        0
176
     1
 62
   257
176
     1
 40
1.0
176
     1
 90
        1
176
     1
 90
        6
176
     1
 90
        2
176
     1
 62
     7
176
     1
 90
        5
176
     1
 90
        0
176
     1
 90
        0
176
     1
290
     0
176
     1
 90
       13
176
     1
 40
0.0
176
     1
 90
        0
176
     1
290
     0
176
     1
290
     1
176
     1
290
     1
176
     1
290
     0
176
     1
290
     0
176
     1
290
     0
176
     1
290
     0
176
     1
290
     0
176
     1
290
     0
176
     1
 90
       50
176
     1
 40
0.0
176
     1
 40
1.0
176
     1
 90
        0
176
     1
 62
    18
420
        0
176
     1
 90
       50
176
     1
 90
        3
176
     1
 62
     5
420
      255
176
     1
290
     0
176
     1
 90
       50
176
     1
 90
       50
176
     1
 90
       50
176
     1
290
     0
176
     1
 90
       50
176
     1
 62
   256
176
     0
 40
1.0
176
     0
 90
        2
176
     1
  1
strokes_ogs.tif
176
     1
290
     0
176
     1
 40
1.0
176
     1
 40
1.0
176
     1
  0
VISUALSTYLE
  5
F2
102
{ACAD_REACTORS
330
EF
102
}
330
EF
100
AcDbVisualStyle
  2
Gouraud
 70
     2
177
     3
291
     1
 70
    58
 90
        2
176
     1
 90
        2
176
     1
 90
        1
176
     1
 90
        2
176
     1
 40
0.6
176
     1
 40
30.0
176
     1
 62
     7
420
 16777215
176
     1
 90
        0
176
     1
 90
        0
176
     1
 62
     7
176
     1
 62
   257
176
     1
 90
        1
176
     1
 90
        1
176
     1
 40
1.0
176
     1
 90
        0
176
     1
 62
     7
176
     1
 40
1.0
176
     1
 90
        1
176
     1
 90
        6
176
     1
 90
        2
176
     1
 62
     7
176
     1
 90
        5
176
     1
 90
        0
176
     1
 90
        0
176
     1
290
     0
176
     1
 90
       13
176
     1
 40
0.0
176
     1
 90
        0
176
     1
290
     0
176
     1
290
     1
176
     1
290
     1
176
     1
290
     0
176
     1
290
     0
176
     1
290
     0
176
     1
290
     0
176
     1
290
     0
176
     1
290
     0
176
     1
 90
       50
176
     1
 40
0.0
176
     1
 40
1.0
176
     1
 90
        0
176
     1
 62
    18
420
        0
176
     1
 90
       50
176
     1
 90
        3
176
     1
 62
     5
420
      255
176
     1
290
     0
176
     1
 90
       50
176
     1
 90
       50
176
     1
 90
       50
176
     1
290
     0
176
     1
 90
       50
176
     1
 62
   256
176
     0
 40
1.0
176
     0
 90
        2
176
     1
  1
strokes_ogs.tif
176
     1
290
     0
176
     1
 40
1.0
176
     1
 40
1.0
176
     1
  0
VISUALSTYLE
  5
F3
102
{ACAD_REACTORS
330
EF
102
}
330
EF
100
AcDbVisualStyle
  2
GouraudWithEdges
 70
     3
177
     3
291
     1
 70
    58
 90
        2
176
     1
 90
        2
176
     1
 90
        1
176
     1
 90
        2
176
     1
 40
0.6
176
     1
 40
30.0
176
     1
 62
     7
420
 16777215
176
     1
 90
        1
176
     1
 90
        0
176
     1
 62
     7
176
     1
 62
   257
176
     1
 90
        1
176
     1
 90
        1
176
     1
 40
1.0
176
     1
 90
        0
176
     1
 62
   257
176
     1
 40
1.0
176
     1
 90
        1
176
     1
 90
        6
176
     1
 90
        2
176
     1
 62
     7
176
     1
 90
        5
176
     1
 90
        0
176
     1
 90
        0
176
     1
290
     0
176
     1
 90
       13
176
     1
 40
0.0
176
     1
 90
        0
176
     1
290
     0
176
     1
290
     1
176
     1
290
     1
176
     1
290
     0
176
     1
290
     0
176
     1
290
     0
176
     1
290
     0
176
     1
290
     0
176
     1
290
     0
176
     1
 90
       50
176
     1
 40
0.0
176
     1
 40
1.0
176
     1
 90
        0
176
     1
 62
    18
420
        0
176
     1
 90
       50
176
     1
 90
        3
176
     1
 62
     5
420
      255
176
     1
290
     0
176
     1
 90
       50
176
     1
 90
       50
176
     1
 90
       50
176
     1
290
     0
176
     1
 90
       50
176
     1
 62
   256
176
     0
 40
1.0
176
     0
 90
        2
176
     1
  1
strokes_ogs.tif
176
     1
290
     0
176
     1
 40
1.0
176
     1
 40
1.0
176
     1
  0
VISUALSTYLE
  5
F7
102
{ACAD_REACTORS
330
EF
102
}
330
EF
100
AcDbVisualStyle
  2
Hidden
 70
     6
177
     3
291
     0
 70
    58
 90
        1
176
     1
 90
        2
176
     1
 90
        2
176
     1
 90
        0
176
     1
 40
0.6
176
     1
 40
30.0
176
     1
 62
     7
420
 16777215
176
     1
 90
        2
176
     1
 90
        2
176
     1
 62
     7
176
     1
 62
   257
176
     1
 90
        2
176
     1
 90
        1
176
     1
 40
40.0
176
     1
 90
        0
176
     1
 62
   257
176
     1
 40
1.0
176
     1
 90
        1
176
     1
 90
        6
176
     1
 90
        2
176
     1
 62
     7
176
     1
 90
        3
176
     1
 90
        0
176
     1
 90
        0
176
     1
290
     0
176
     1
 90
        1
176
     1
 40
0.0
176
     1
 90
        0
176
     1
290
     0
176
     1
290
     1
176
     1
290
     1
176
     1
290
     0
176
     1
290
     0
176
     1
290
     0
176
     1
290
     0
176
     1
290
     0
176
     1
290
     0
176
     1
 90
       50
176
     1
 40
0.0
176
     1
 40
1.0
176
     1
 90
        0
176
     1
 62
    18
420
        0
176
     1
 90
       50
176
     1
 90
        3
176
     1
 62
     5
420
      255
176
     1
290
     0
176
     1
 90
       50
176
     1
 90
       50
176
     1
 90
       50
176
     1
290
     0
176
     1
 90
       50
176
     1
 62
   256
176
     0
 40
1.0
176
     0
 90
        2
176
     1
  1
strokes_ogs.tif
176
     1
290
     0
176
     1
 40
1.0
176
     1
 40
1.0
176
     1
  0
VISUALSTYLE
  5
1E4
102
{ACAD_REACTORS
330
EF
102
}
330
EF
100
AcDbVisualStyle
  2
JitterOff
 70
    20
177
     3
291
     1
 70
    58
 90
        2
176
     0
 90
        2
176
     0
 90
        0
176
     0
 90
        0
176
     0
 40
0.6
176
     0
 40
30.0
176
     0
 62
     7
420
 16777215
176
     0
 90
        1
176
     0
 90
        4
176
     0
 62
     7
176
     0
 62
   257
176
     0
 90
        1
176
     0
 90
        1
176
     0
 40
1.0
176
     0
 90
       10
176
     2
 62
     7
176
     0
 40
1.0
176
     0
 90
        1
176
     0
 90
        6
176
     0
 90
        2
176
     0
 62
     7
176
     0
 90
        5
176
     0
 90
        0
176
     0
 90
        0
176
     0
290
     0
176
     0
 90
        1
176
     0
 40
0.0
176
     0
 90
        0
176
     0
290
     0
176
     1
290
     1
176
     1
290
     1
176
     1
290
     0
176
     1
290
     0
176
     1
290
     0
176
     1
290
     0
176
     1
290
     0
176
     1
290
     0
176
     1
 90
       50
176
     1
 40
0.0
176
     1
 40
1.0
176
     1
 90
        0
176
     1
 62
    18
420
        0
176
     1
 90
       50
176
     1
 90
        3
176
     1
 62
     5
420
      255
176
     1
290
     0
176
     1
 90
       50
176
     1
 90
       50
176
     1
 90
       50
176
     1
290
     0
176
     1
 90
       50
176
     1
 62
   256
176
     0
 40
1.0
176
     0
 90
        2
176
     1
  1
strokes_ogs.tif
176
     1
290
     0
176
     1
 40
1.0
176
     1
 40
1.0
176
     1
  0
VISUALSTYLE
  5
FD
102
{ACAD_REACTORS
330
EF
102
}
330
EF
100
AcDbVisualStyle
  2
Linepattern
 70
    14
177
     3
291
     1
 70
    58
 90
        2
176
     1
 90
        2
176
     1
 90
        1
176
     1
 90
        0
176
     1
 40
0.6
176
     1
 40
30.0
176
     1
 62
     7
420
 16777215
176
     1
 90
        1
176
     1
 90
        4
176
     1
 62
     7
176
     1
 62
   257
176
     1
 90
        7
176
     1
 90
        7
176
     1
 40
1.0
176
     1
 90
        8
176
     1
 62
     7
176
     1
 40
1.0
176
     1
 90
        1
176
     1
 90
        6
176
     1
 90
        2
176
     1
 62
     7
176
     1
 90
        5
176
     1
 90
        0
176
     1
 90
        0
176
     1
290
     0
176
     1
 90
        1
176
     1
 40
0.0
176
     1
 90
        0
176
     1
290
     0
176
     1
290
     1
176
     1
290
     1
176
     1
290
     0
176
     1
290
     0
176
     1
290
     0
176
     1
290
     0
176
     1
290
     0
176
     1
290
     0
176
     1
 90
       50
176
     1
 40
0.0
176
     1
 40
1.0
176
     1
 90
        0
176
     1
 62
    18
420
        0
176
     1
 90
       50
176
     1
 90
        3
176
     1
 62
     5
420
      255
176
     1
290
     0
176
     1
 90
       50
176
     1
 90
       50
176
     1
 90
       50
176
     1
290
     0
176
     1
 90
       50
176
     1
 62
   256
176
     0
 40
1.0
176
     0
 90
        2
176
     1
  1
strokes_ogs.tif
176
     1
290
     0
176
     1
 40
1.0
176
     1
 40
1.0
176
     1
  0
VISUALSTYLE
  5
1E5
102
{ACAD_REACTORS
330
EF
102
}
330
EF
100
AcDbVisualStyle
  2
OverhangOff
 70
    21
177
     3
291
     1
 70
    58
 90
        2
176
     0
 90
        2
176
     0
 90
        0
176
     0
 90
        0
176
     0
 40
0.6
176
     0
 40
30.0
176
     0
 62
     7
420
 16777215
176
     0
 90
        1
176
     0
 90
        4
176
     0
 62
     7
176
     0
 62
   257
176
     0
 90
        1
176
     0
 90
        1
176
     0
 40
1.0
176
     0
 90
        9
176
     2
 62
     7
176
     0
 40
1.0
176
     0
 90
        1
176
     0
 90
        6
176
     0
 90
        2
176
     0
 62
     7
176
     0
 90
        5
176
     0
 90
        0
176
     0
 90
        0
176
     0
290
     0
176
     0
 90
        1
176
     0
 40
0.0
176
     0
 90
        0
176
     0
290
     0
176
     1
290
     1
176
     1
290
     1
176
     1
290
     0
176
     1
290
     0
176
     1
290
     0
176
     1
290
     0
176
     1
290
     0
176
     1
290
     0
176
     1
 90
       50
176
     1
 40
0.0
176
     1
 40
1.0
176
     1
 90
        0
176
     1
 62
    18
420
        0
176
     1
 90
       50
176
     1
 90
        3
176
     1
 62
     5
420
      255
176
     1
290
     0
176
     1
 90
       50
176
     1
 90
       50
176
     1
 90
       50
176
     1
290
     0
176
     1
 90
       50
176
     1
 62
   256
176
     0
 40
1.0
176
     0
 90
        2
176
     1
  1
strokes_ogs.tif
176
     1
290
     0
176
     1
 40
1.0
176
     1
 40
1.0
176
     1
  0
VISUALSTYLE
  5
F9
102
{ACAD_REACTORS
330
EF
102
}
330
EF
100
AcDbVisualStyle
  2
Realistic
 70
     8
177
     3
291
     0
 70
    58
 90
        2
176
     1
 90
        3
176
     1
 90
        0
176
     1
 90
        2
176
     1
 40
0.6
176
     1
 40
30.0
176
     1
 62
     7
420
 16777215
176
     1
 90
        0
176
     1
 90
        0
176
     1
 62
     7
176
     1
 62
   257
176
     1
 90
        1
176
     1
 90
        1
176
     1
 40
1.0
176
     1
 90
        8
176
     1
 62
   257
176
     1
 40
1.0
176
     1
 90
        1
176
     1
 90
        6
176
     1
 90
        2
176
     1
 62
     7
176
     1
 90
        3
176
     1
 90
        0
176
     1
 90
        0
176
     1
290
     0
176
     1
 90
       13
176
     1
 40
0.0
176
     1
 90
        0
176
     1
290
     0
176
     1
290
     1
176
     1
290
     1
176
     1
290
     0
176
     1
290
     0
176
     1
290
     0
176
     1
290
     0
176
     1
290
     0
176
     1
290
     0
176
     1
 90
       50
176
     1
 40
0.0
176
     1
 40
1.0
176
     1
 90
        0
176
     1
 62
    18
420
        0
176
     1
 90
       50
176
     1
 90
        3
176
     1
 62
     5
420
      255
176
     1
290
     0
176
     1
 90
       50
176
     1
 90
       50
176
     1
 90
       50
176
     1
290
     0
176
     1
 90
       50
176
     1
 62
   256
176
     0
 40
1.0
176
     0
 90
        2
176
     1
  1
strokes_ogs.tif
176
     1
290
     0
176
     1
 40
1.0
176
     1
 40
1.0
176
     1
  0
VISUALSTYLE
  5
1F3
102
{ACAD_REACTORS
330
EF
102
}
330
EF
100
AcDbVisualStyle
  2
Shaded
 70
    27
177
     3
291
     0
 70
    58
 90
        2
176
     1
 90
        2
176
     1
 90
        1
176
     1
 90
        2
176
     1
 40
0.6
176
     1
 40
30.0
176
     1
 62
     7
420
 16777215
176
     1
 90
        0
176
     1
 90
        4
176
     1
 62
     7
176
     1
 62
   257
176
     1
 90
        1
176
     1
 90
        1
176
     1
 40
1.0
176
     1
 90
        8
176
     1
 62
   257
176
     1
 40
1.0
176
     1
 90
        1
176
     1
 90
        6
176
     1
 90
        2
176
     1
 62
     8
420
  7895160
176
     1
 90
        3
176
     1
 90
        0
176
     1
 90
        0
176
     1
290
     0
176
     1
 90
        5
176
     1
 40
0.0
176
     1
 90
        0
176
     1
290
     0
176
     1
290
     1
176
     1
290
     1
176
     1
290
     0
176
     1
290
     0
176
     1
290
     0
176
     1
290
     0
176
     1
290
     0
176
     1
290
     0
176
     1
 90
       50
176
     1
 40
0.0
176
     1
 40
1.0
176
     1
 90
        0
176
     1
 62
    18
420
        0
176
     1
 90
       50
176
     1
 90
        3
176
     1
 62
     5
420
      255
176
     1
290
     0
176
     1
 90
       50
176
     1
 90
       50
176
     1
 90
       50
176
     1
290
     0
176
     1
 90
       50
176
     1
 62
   256
176
     0
 40
1.0
176
     0
 90
        2
176
     1
  1
strokes_ogs.tif
176
     1
290
     0
176
     1
 40
1.0
176
     1
 40
1.0
176
     1
  0
VISUALSTYLE
  5
1F2
102
{ACAD_REACTORS
330
EF
102
}
330
EF
100
AcDbVisualStyle
  2
Shaded with edges
 70
    26
177
     3
291
     0
 70
    58
 90
        2
176
     1
 90
        2
176
     1
 90
        1
176
     1
 90
        2
176
     1
 40
0.6
176
     1
 40
30.0
176
     1
 62
     7
420
 16777215
176
     1
 90
        1
176
     1
 90
        2
176
     1
 62
     7
176
     1
 62
   257
176
     1
 90
        2
176
     1
 90
        1
176
     1
 40
1.0
176
     1
 90
        8
176
     1
 62
   257
176
     1
 40
1.0
176
     1
 90
        1
176
     1
 90
        6
176
     1
 90
        2
176
     1
 62
     7
176
     1
 90
        3
176
     1
 90
        0
176
     1
 90
        0
176
     1
290
     0
176
     1
 90
        5
176
     1
 40
0.0
176
     1
 90
        0
176
     1
290
     0
176
     1
290
     1
176
     1
290
     1
176
     1
290
     0
176
     1
290
     0
176
     1
290
     0
176
     1
290
     0
176
     1
290
     0
176
     1
290
     0
176
     1
 90
       50
176
     1
 40
0.0
176
     1
 40
1.0
176
     1
 90
        0
176
     1
 62
    18
420
        0
176
     1
 90
       50
176
     1
 90
        3
176
     1
 62
     5
420
      255
176
     1
290
     0
176
     1
 90
       50
176
     1
 90
       50
176
     1
 90
       50
176
     1
290
     0
176
     1
 90
       50
176
     1
 62
   256
176
     0
 40
1.0
176
     0
 90
        2
176
     1
  1
strokes_ogs.tif
176
     1
290
     0
176
     1
 40
1.0
176
     1
 40
1.0
176
     1
  0
VISUALSTYLE
  5
1EF
102
{ACAD_REACTORS
330
EF
102
}
330
EF
100
AcDbVisualStyle
  2
Shades of Gray
 70
    23
177
     3
291
     0
 70
    58
 90
        2
176
     1
 90
        2
176
     1
 90
        3
176
     1
 90
        0
176
     1
 40
0.6
176
     1
 40
30.0
176
     1
 62
     7
420
 16777215
176
     1
 90
        2
176
     1
 90
        2
176
     1
 62
     7
176
     1
 62
     7
176
     1
 90
        1
176
     1
 90
        1
176
     1
 40
40.0
176
     1
 90
        8
176
     1
 62
     7
176
     1
 40
1.0
176
     1
 90
        1
176
     1
 90
        6
176
     1
 90
        2
176
     1
 62
     7
176
     1
 90
        3
176
     1
 90
        0
176
     1
 90
        0
176
     1
290
     0
176
     1
 90
        1
176
     1
 40
0.0
176
     1
 90
        0
176
     1
290
     0
176
     1
290
     1
176
     1
290
     1
176
     1
290
     0
176
     1
290
     0
176
     1
290
     0
176
     1
290
     0
176
     1
290
     0
176
     1
290
     0
176
     1
 90
       50
176
     1
 40
0.0
176
     1
 40
1.0
176
     1
 90
        0
176
     1
 62
    18
420
        0
176
     1
 90
       50
176
     1
 90
        3
176
     1
 62
     5
420
      255
176
     1
290
     0
176
     1
 90
       50
176
     1
 90
       50
176
     1
 90
       50
176
     1
290
     0
176
     1
 90
       50
176
     1
 62
   256
176
     0
 40
1.0
176
     0
 90
        2
176
     1
  1
strokes_ogs.tif
176
     1
290
     0
176
     1
 40
1.0
176
     1
 40
1.0
176
     1
  0
VISUALSTYLE
  5
1F0
102
{ACAD_REACTORS
330
EF
102
}
330
EF
100
AcDbVisualStyle
  2
Sketchy
 70
    24
177
     3
291
     0
 70
    58
 90
        1
176
     1
 90
        2
176
     1
 90
        2
176
     1
 90
        0
176
     1
 40
0.6
176
     1
 40
30.0
176
     1
 62
     7
420
 16777215
176
     1
 90
        2
176
     1
 90
        2
176
     1
 62
     7
176
     1
 62
     7
176
     1
 90
        1
176
     1
 90
        1
176
     1
 40
40.0
176
     1
 90
       11
176
     1
 62
     7
176
     1
 40
1.0
176
     1
 90
        1
176
     1
 90
        6
176
     1
 90
        2
176
     1
 62
     7
176
     1
 90
        6
176
     1
 90
        0
176
     1
 90
        0
176
     1
290
     0
176
     1
 90
        1
176
     1
 40
0.0
176
     1
 90
        0
176
     1
290
     0
176
     1
290
     1
176
     1
290
     1
176
     1
290
     0
176
     1
290
     0
176
     1
290
     0
176
     1
290
     0
176
     1
290
     0
176
     1
290
     0
176
     1
 90
       50
176
     1
 40
0.0
176
     1
 40
1.0
176
     1
 90
        0
176
     1
 62
    18
420
        0
176
     1
 90
       50
176
     1
 90
        3
176
     1
 62
     5
420
      255
176
     1
290
     0
176
     1
 90
       50
176
     1
 90
       50
176
     1
 90
       50
176
     1
290
     0
176
     1
 90
       50
176
     1
 62
   256
176
     0
 40
1.0
176
     0
 90
        2
176
     1
  1
strokes_ogs.tif
176
     1
290
     0
176
     1
 40
1.0
176
     1
 40
1.0
176
     1
  0
VISUALSTYLE
  5
FC
102
{ACAD_REACTORS
330
EF
102
}
330
EF
100
AcDbVisualStyle
  2
Thicken
 70
    13
177
     3
291
     1
 70
    58
 90
        2
176
     1
 90
        2
176
     1
 90
        1
176
     1
 90
        0
176
     1
 40
0.6
176
     1
 40
30.0
176
     1
 62
     7
420
 16777215
176
     1
 90
        1
176
     1
 90
        4
176
     1
 62
     7
176
     1
 62
   257
176
     1
 90
        1
176
     1
 90
        1
176
     1
 40
1.0
176
     1
 90
       12
176
     1
 62
     7
176
     1
 40
1.0
176
     1
 90
        1
176
     1
 90
        6
176
     1
 90
        2
176
     1
 62
     7
176
     1
 90
        5
176
     1
 90
        0
176
     1
 90
        0
176
     1
290
     0
176
     1
 90
        1
176
     1
 40
0.0
176
     1
 90
        0
176
     1
290
     0
176
     1
290
     1
176
     1
290
     1
176
     1
290
     0
176
     1
290
     0
176
     1
290
     0
176
     1
290
     0
176
     1
290
     0
176
     1
290
     0
176
     1
 90
       50
176
     1
 40
0.0
176
     1
 40
1.0
176
     1
 90
        0
176
     1
 62
    18
420
        0
176
     1
 90
       50
176
     1
 90
        3
176
     1
 62
     5
420
      255
176
     1
290
     0
176
     1
 90
       50
176
     1
 90
       50
176
     1
 90
       50
176
     1
290
     0
176
     1
 90
       50
176
     1
 62
   256
176
     0
 40
1.0
176
     0
 90
        2
176
     1
  1
strokes_ogs.tif
176
     1
290
     0
176
     1
 40
1.0
176
     1
 40
1.0
176
     1
  0
VISUALSTYLE
  5
F6
102
{ACAD_REACTORS
330
EF
102
}
330
EF
100
AcDbVisualStyle
  2
Wireframe
 70
     5
177
     3
291
     0
 70
    58
 90
        0
176
     1
 90
        2
176
     1
 90
        0
176
     1
 90
        0
176
     1
 40
0.6
176
     1
 40
30.0
176
     1
 62
     7
420
 16777215
176
     1
 90
        1
176
     1
 90
        4
176
     1
 62
     7
176
     1
 62
   257
176
     1
 90
        1
176
     1
 90
        1
176
     1
 40
1.0
176
     1
 90
        0
176
     1
 62
   257
176
     1
 40
1.0
176
     1
 90
        1
176
     1
 90
        6
176
     1
 90
        2
176
     1
 62
     7
176
     1
 90
        3
176
     1
 90
        0
176
     1
 90
        0
176
     1
290
     0
176
     1
 90
        1
176
     1
 40
0.0
176
     1
 90
        0
176
     1
290
     0
176
     1
290
     1
176
     1
290
     1
176
     1
290
     0
176
     1
290
     0
176
     1
290
     0
176
     1
290
     0
176
     1
290
     0
176
     1
290
     0
176
     1
 90
       50
176
     1
 40
0.0
176
     1
 40
1.0
176
     1
 90
        0
176
     1
 62
    18
420
        0
176
     1
 90
       50
176
     1
 90
        3
176
     1
 62
     5
420
      255
176
     1
290
     0
176
     1
 90
       50
176
     1
 90
       50
176
     1
 90
       50
176
     1
290
     0
176
     1
 90
       50
176
     1
 62
   256
176
     0
 40
1.0
176
     0
 90
        2
176
     1
  1
strokes_ogs.tif
176
     1
290
     0
176
     1
 40
1.0
176
     1
 40
1.0
176
     1
  0
VISUALSTYLE
  5
1F1
102
{ACAD_REACTORS
330
EF
102
}
330
EF
100
AcDbVisualStyle
  2
X-Ray
 70
    25
177
     3
291
     0
 70
    58
 90
        2
176
     1
 90
        2
176
     1
 90
        1
176
     1
 90
        1
176
     1
 40
0.5
176
     1
 40
30.0
176
     1
 62
     7
420
 16777215
176
     1
 90
        1
176
     1
 90
        0
176
     1
 62
     7
176
     1
 62
   257
176
     1
 90
        1
176
     1
 90
        1
176
     1
 40
1.0
176
     1
 90
        8
176
     1
 62
     7
176
     1
 40
1.0
176
     1
 90
        1
176
     1
 90
        6
176
     1
 90
        2
176
     1
 62
     7
176
     1
 90
        3
176
     1
 90
        0
176
     1
 90
        0
176
     1
290
     0
176
     1
 90
       13
176
     1
 40
0.0
176
     1
 90
        0
176
     1
290
     0
176
     1
290
     1
176
     1
290
     1
176
     1
290
     0
176
     1
290
     0
176
     1
290
     0
176
     1
290
     0
176
     1
290
     0
176
     1
290
     0
176
     1
 90
       50
176
     1
 40
0.0
176
     1
 40
1.0
176
     1
 90
        0
176
     1
 62
    18
420
        0
176
     1
 90
       50
176
     1
 90
        3
176
     1
 62
     5
420
      255
176
     1
290
     0
176
     1
 90
       50
176
     1
 90
       50
176
     1
 90
       50
176
     1
290
     0
176
     1
 90
       50
176
     1
 62
   256
176
     0
 40
1.0
176
     0
 90
        2
176
     1
  1
strokes_ogs.tif
176
     1
290
     0
176
     1
 40
1.0
176
     1
 40
1.0
176
     1
  0
DICTIONARYVAR
  5
146
102
{ACAD_REACTORS
330
5E
102
}
330
5E
100
DictionaryVariables
280
     0
  1
1:1
  0
DICTIONARYVAR
  5
259
102
{ACAD_REACTORS
330
5E
102
}
330
5E
100
DictionaryVariables
280
     0
  1
3.500000
  0
DICTIONARYVAR
  5
25A
102
{ACAD_REACTORS
330
5E
102
}
330
5E
100
DictionaryVariables
280
     0
  1
acadiso.lin
  0
DICTIONARYVAR
  5
145
102
{ACAD_REACTORS
330
5E
102
}
330
5E
100
DictionaryVariables
280
     0
  1
Standard
  0
DICTIONARYVAR
  5
84
102
{ACAD_REACTORS
330
5E
102
}
330
5E
100
DictionaryVariables
280
     0
  1
Standard
  0
DICTIONARYVAR
  5
227
102
{ACAD_REACTORS
330
5E
102
}
330
5E
100
DictionaryVariables
280
     0
  1
Metric50
  0
DICTIONARYVAR
  5
228
102
{ACAD_REACTORS
330
5E
102
}
330
5E
100
DictionaryVariables
280
     0
  1
Metric50
  0
DICTIONARYVAR
  5
5F
102
{ACAD_REACTORS
330
5E
102
}
330
5E
100
DictionaryVariables
280
     0
  1
2
  0
DICTIONARYVAR
  5
63
102
{ACAD_REACTORS
330
5E
102
}
330
5E
100
DictionaryVariables
280
     0
  1
1
  0
DICTIONARYVAR
  5
1AE
102
{ACAD_REACTORS
330
5E
102
}
330
5E
100
DictionaryVariables
280
     0
  1
0
  0
DICTIONARYVAR
  5
1AF
102
{ACAD_REACTORS
330
5E
102
}
330
5E
100
DictionaryVariables
280
     0
  1
0
  0
DICTIONARY
  5
205
330
22
100
AcDbDictionary
280
     1
281
     1
  0
DICTIONARY
  5
1F9
330
ED
100
AcDbDictionary
280
     1
281
     1
  3
FBXASSET
360
1FA
  0
DICTIONARY
  5
1F7
330
EC
100
AcDbDictionary
280
     1
281
     1
  3
FBXASSET
360
1F8
  0
DICTIONARY
  5
173
330
EE
100
AcDbDictionary
280
     1
281
     1
  3
FBXASSET
360
1FB
  0
DICTIONARY
  5
2F4
330
7F
100
AcDbDictionary
280
     1
281
     1
  3
ACAD_ROUNDTRIP_2008_TABLESTYLE_CELLSTYLEMAP
360
2F5
  0
XRECORD
  5
1FA
102
{ACAD_REACTORS
330
1F9
102
}
330
1F9
100
AcDbXrecord
280
     1
 70
     1
 90
429727718
  1
D62C5603-E3A1-4AEA-B7FB-FE5D8D0755AF
310
504B03040A0000080000CC70623B3DEE336E79000000790000001B0000006175746F6465736B2D64657369676E2D7061636B6167652E786D6C3C3F786D6C2076657273696F6E3D22312E302220656E636F64696E673D227574662D3822203F3E3C666F726D6174733E3C666F726D61743E687474703A2F2F736368656D612E
310
6175746F6465736B2E636F6D2F64657369676E2D7061636B6167652F323030393C2F666F726D61743E3C2F666F726D6174733E504B0304140006080800CC70623BD486FD9CA0000000F4000000130000005B436F6E74656E745F54797065735D2E786D6C7D8EC10E82300C865F65E91D8A1E8C310C0EEA1BF002731658846E
310
D98AC1B77784ABF1D8FE5FBFBF75BBCE937A534CCEB38643598122B6FEE978D0B0485F9C41B54DDD7D022595594E1A469170414C76A4D9A4D207E29CF43ECE46F218070CC6BECC4078ACAA135ACF422C856C0E68EA1BF5669944DDD7BCDE7B1F8E415D77AECB980613C2E4AC91FC167A2B244592486606FC29C8FD7F045B9A
310
EF7053A7E60B504B0304140006080800CC70623B853B8169EB0000007C01000008000000636F72652E786D6C8D90416EC3201045AF62CDB6C206821CC7C244919D9CA01740401C94182C03558F5F9C3852BBEB6A467FFE9B197D7EFC9E1EC5975982F5AE035262288C535E5B377690E21535501C055FBC8FBF6C503839990E
310
5619041F179FE64D52DE45E362569DD7661365082642A11EB9E920A89B99642953CC8E702F67A9EE7234257977194EC9EAE275C4EABCCF5EAD5940D4AC6F0E35A568B8F43562CD7046CD199FD07E60174276A7BE677B5EADB0E0D14EEFFB6A31321A0D82627C4084204C3F096B71DD52F6819B16635EADF63F509AF53FA164
310
5DDCD1EDDD17164090FCC8732078B56691CB33A85CD7DCC40F504B0304140006080800CC70623B55019EA25F0000007C00000007000000636E782E786D6C4DCB3B0E80201045D1AD90E915ED2CF8AC45050C11660C8261F98AB1B07AC9C97D42D718D865D3E909258CFD00CCE24AC6E326A164D74DC0B4128928FF32603847
310
2BA13128B1252AC747C6BAB984FC68F0B87FE8960A5C09FE86CFB69FBA01504B0304140006080800CC70623BDBABAAF470010000D40300000C0000006662782F636F72652E786D6CC553D16E823014FD95A6AF4B694182CC941A83FA05FB810A9511A125A5257EFE2E82712ECEB8A7F100CD39F7F69E734AF9FADC366850B6
310
AF8DCE7018308C942E4C59EB2AC3DE1D498AD15A706B8CFB56869196ADCAF00863C12B6B7C374385D14E6907A836A59A41D9F7CA615434B0C8705F7CAA5606D23BA8E84F41278B93AC54100640439DE0BDB320004D43C63716C7C399D30917DCFBBA9CD9BA8469F5B156168B24CED3F7248AC8769F27244EB73B92EED8862C
310
B7F13E0C179B3C8F979C8ECD82BBBABDAA2BAC924E9558448CBD9330242CFA08E3154B5651FCC6D215639C8EE5774DBE2B5F6CF2B5768B68963BB5F5588420E442FC700B1139D4CB01F450C1E918227C2E09DF070D8140C84E1E9AAB8F1340832A9CB13130A5F1376A908D57309505ECF2A0DF179C4E9D30F5B239B87E3823
310
7A79C6F31DE1A8A5AEC08474B03C7837EAE4938639B44E5932B833D2C6B6B279CDC613877FA26EE21F4A2A4C63EC7F29A2F301D1F9F7A0E37D145F504B0304140006080800CC70623B9C113CC27E0000009D0000000B0000006662782F636E782E786D6C4DCCDF0A83201C86E15B91DFB94BFB330DD428C8FB886521330DA7
310
6397BF1A1DECE883878F57749FCDA1B7892F1BBC047A23808C7F84D9FA55424E0BE6803A256208E9EF06C84F9B91703228B1C690F78B66B34CD9A5439DF5CF0BFBF65E35BCA1B8D6A5C6F540381E886698B5741C695F9503EBA150A2F8958E3DC3EA0B504B0304140006080800CC70623B7DF2F77C2A010000120200003100
310
00006662782F41393633353835312D344632462D344230382D423046372D3739314545314133324237412F636F72652E786D6C8D51DB8EC22014FC15C2939B0D2DB4B45643319AE817EC0F6041255A68B86CFCFC856D4D76DF7CE190393373060EDB3DC707F856CE6B6B7A480A0C81328395DA5C7B18C3057510EC3873D686
310
3F34088C18550F330C39BB3A1BA7051AAC09CA84841A2BD5020AEF55806078A44B0FFD7053A328440C89E1EFC52486BBB8AA8214A99D789CF9E05200300FC927E4FB4D5B375D43103D5527440FB843077C5AA3F5861C8F645F5787F59E95B390B318B55CE45AA638FAA2957BD7248B390B7A7CC51F9C124149C82B8C378810
310
84AB2F42B7B8DD56F413775B8C5999E9FF4471926F8AA236A1AE96B8B3CC434E5839373893369E1FAF30EA395917409EB7F26AF8801C171837A4A6AC9C89E9F9C9B1A58BA30FD6A5EF5DDDCF894B9AD9B6A59C957943A9FCAE2FD5BC4DFE03504B0304140006080800CC70623BAD7543B64E01000033030000300000006662
310
782F41393633353835312D344632462D344230382D423046372D3739314545314133324237412F636E782E786D6CD593CD6EC32010845F0571AD6CE3D48AD20813A9873E410FBD12D82434182C7EAAE6EDBB2424CD25871E7B41D6EC30B3FA84F9E67BB2E40B4234DE8DB46F1925E094D7C6ED479AD3AE5951B2113C789FEE
310
6C943839C1488B4C05DF079FE72A69D8C96C13AAD6B8631503449F83828872B949AC57D26200B826A308D316B4064D6E46FCDA41C05550DC9E483A00797BFD207EFB092A45DE9514C1BBD22178396BD39D891265658C238DEA00936C654E5E433CB65A26D9F6EDB5EBC14EBF49A45CB856E66048291F6939A9A81BB5C89177
310
38143CA680F4AA299D66A042CEB3354A2684DC9D8D178FE0D9B8B41CAAD720F880EE7EF93C0C18769E099ECC04D5A102C8049A8A05632F4DDF376CF1DE0F6BB65C2F8627B65A33C6BB62177CEBBDAD973006829F89F22E814B54F4BC2BE347F8AA8F681390B50FA73F804400B5F542E796F19FF974E7F78DB802FE05E20750
310
4B0304140006080800CC70623BE75B7789680500003C100000340000006662782F41393633353835312D344632462D344230382D423046372D3739314545314133324237412F6F626A656374732E786D6CAD575B8F9B3818FD2B887D06C22499CB8AA1CA655245D5B455A356FB305264C061D8018C6C3393D95FBFC7600890
310
A4CD5EF210B0B1BFEBF98E3F7B1FF6596ABC522E1296DF9BAE3D320D9A872C4AF2F8DE2CE5CEBA358D0FBEC719939D65A691938CDE9B6ADAF4BD98B3B2D05311DD91329583D9D5FC0F438434A7A611A644887B5384CF34233629258BA878B12322891DEFF6B66BD70BFB62634E8AE781D082709A4B588AF91C528CDA28B73F
310
1C998EEF39EABBEFA97FBD6A7C7E9553F9D3D79FE442923C3C523610337627CB87ABE99D359D4CC6D6E4FACAB5E6ABF9D2726FC6A3C5F56271377BB88362213924694B38DD99FE47C48627A1E7D49F5A8BB5E1A74C0A599ED3B0F21F1E56366B89112D681E218F0915D0D6F17AD41FBA2A369DCF6335D62ABBD39779D5DDD1
310
11D4D8DE3CBB96B2E04FB8202E41051754A1AA8E8F76B4C6DFE810B580B1547F4B84911149794252234D024EF8BBE963A95AE27B3D310A9D5C215C7960FAEE415ED75694C6AFB17BCACA5D99A60A9AA65F217B0BFC53292ACB92BF283FAD0D3621576592CB5BED907C2FA8E9DF794E35E97BEA31BED21FEB401ABB94C44839
310
DCACBF0E1C5DA8DA5B2F4DFFD32AD86F543D9E565E7056502E157C00AD2671CD534549AB752FCA9CDA00677A313F04E51B22FF19E57B300579E3C97EB29F682D92935CEC18CF901B7B54FD8C51F362B56FC72FE0B3C1EAE335EDCCBF5AEC39ADB17DC238973F804BA5E6F6BFE7AF1FB32E523BE9F3BD571418E3631DCA4D48
310
5250CF639223210A9446CA30052EDF057BD35F8329C1ECD84552BF0DC8D18BE7BCE23BFE6BD960AB4A7DE79923A103BEBD80F911CBAA2C60DB19B01CF164A5583B772EE6D3FFA56666CBCDA74DC97724A48F9A58967497E489C4D979006FD7A05E227A1EBDD0F737C623387A9C844D3709995625106D157315F8B8392CD4E0
310
A0B9A720C4BE9829CEF37EA1E13111214D53925356365ADA634861B52519DD27A00AEB808EAF0628E6F435519D446F45CF2C9CF5214F0A15B2F6D06B79DA3EE3CBF7F56780D2F4E7EF73A0F5E5B02A38D07DC852C6B7C1FBB6664213E0C39E3EBA7FF4E1AD23EA2829407C85E586727488B751B2DB9502BC7B228A3FD68B6E
310
A65A22397E690AA8D158D7E404EC8CDA235CC3B7D1898680131CEC2CDF2638C65196279577750F15884AEE19F94199155B92B13297978469D4F8D358DF0AEF7631E28DC8F0D9F437D5D39A83B2231A1D52D543813A824EF8D44BCFF2FA6A31BD1E8DAD87F1CCB526B3879935BF59CDADD5C37479BB1CDD4CA7B3556B516589
310
EF352754B706114D9C885EC9131DE6EFEB43D99AFE2391C2F958179413D7CFEF6B1B6DB1E7600F00DE6E5C67454A339A4BA2E0FBA85ED26F045D454F463DBFCE484C2F90F2E5E3666003662ED8F755951A7D1BECD5B30B550B2785C8E7320B7292A4838DDA71BBC863ED7613CAF659337A3354231D4FF4A182A54904C2898C
310
98B28C4AD0CE056CCF332A80986E571EE9DBC305BB5FEB7E509220A58D25CF042D712A806AC0AD0C657FDEF80D2D9CEAA2EE4D1C76F60BFE74219A06527D6F82DF6412526107381E55E353090704D085B52408A8913C4ED159D79BDA71BB4BC506F4831350EB6F975CD22D69BF7AC49B91A2C0A9DDA3D5CA36AD20FC478E37
310
E61844E2352865EBCB61A275A65283CAAA9DD27703B4102F5AF51EF5F573B75CBB5AD38BC845F7A49F82A0966A49C2E3EA5EA0ECD326CD965F1DB402C6FA8B51A4658C5C5E2EC9E214602E55810345408596591009A82E7E7FFACA19EEA299B14A0081A705CB3296EBC14CDF658DCD336EA6D1136881AAEB87B81AB9EE53D5
310
F5EB8BC8362082DA24122F98680A4E7930C01A0079749CEA14382A0783E5EBA5A10F8C098456A03D6A4AEB6BB881E2513747552A5DB22C7EDAF83BD5528081A365F7FF06504B0304140006080000CC70623B000000000000000000000000350000006662782F41393633353835312D344632462D344230382D423046372D37
310
39314545314133324237412F76657274696365732E62696E504B0304140006080800CC70623BF270F1330600000004000000360000006662782F41393633353835312D344632462D344230382D423046372D3739314545314133324237412F747269616E676C65732E62696E636660600000504B0304140006080000CC7062
310
3B000000000000000000000000370000006662782F41393633353835312D344632462D344230382D423046372D3739314545314133324237412F617474726962757465732E62696E504B0304140006080800CC70623B08DA0BD19000000041010000360000006662782F41393633353835312D344632462D344230382D4230
310
46372D3739314545314133324237412F6469726563746F72792E786D6C858F410AC3201045AF22B36F53E9A60B35CBEEBAE80D244E44489C6234F4F835464A48035D0DF398FF9F8AF63D0E6CC63039F212F8F9020C7D47C6792B21C5FE7403D62A1188E2E60C98D7234A5830286103A55745067B9D86B8A3CF9C7F90C11DE6
310
07FB144396D7B6A82D282E9A152AD114D5EF2CB866EEE831B8EEA07A7BB5A8D7D61A2BAAEB7FD5F70921FF497D00504B0304140006080800CC70623BEDD1DC58FD000000A00100003B0000006662782F41393633353835312D344632462D344230382D423046372D3739314545314133324237412F7265736F75726365732F
310
636F72652E786D6C8D504B6E833010BD0A9A6D65B00922041947112427E8052C33A156828DFCA97AFC9A40A576D7CDCCE87D344F8F9FBFE667F689CE6B6B3A6039850C8DB2A336530731DC4903D95970676DF82583CCC8193B5861107C72362E3BA4AC096842428D1D7107A5F7182053CF7474E0D507CE32973124857FE48B
310
540F3961CEF244279DE03EB81420DB9EAC1384436FA353E879B1B182C7A8C75DA3C7F453DF353A1075D537A7BA6464B8F535A99AE14A9A2BBD90E350DD183B5CFABE3AF262350B1EF4FC9351399401471025A527C218A1E53BAB5A5AB765F5469B96525EACF23FA6B88CFF34456DC2A1DCE36E360F82A5202F42F062ED2BAD
310
579969AFDD8A6F504B010214000A0000080000CC70623B3DEE336E79000000790000001B00000000000000000000000000000000006175746F6465736B2D64657369676E2D7061636B6167652E786D6C504B01021400140006080800CC70623BD486FD9CA0000000F40000001300000000000000000000000000B20000005B
310
436F6E74656E745F54797065735D2E786D6C504B01021400140006080800CC70623B853B8169EB0000007C010000080000000000000000000000000083010000636F72652E786D6C504B01021400140006080800CC70623B55019EA25F0000007C000000070000000000000000000000000094020000636E782E786D6C504B
310
01021400140006080800CC70623BDBABAAF470010000D40300000C00000000000000000000000000180300006662782F636F72652E786D6C504B01021400140006080800CC70623B9C113CC27E0000009D0000000B00000000000000000000000000B20400006662782F636E782E786D6C504B01021400140006080800CC70
310
623B7DF2F77C2A010000120200003100000000000000000000000000590500006662782F41393633353835312D344632462D344230382D423046372D3739314545314133324237412F636F72652E786D6C504B01021400140006080800CC70623BAD7543B64E010000330300003000000000000000000000000000D2060000
310
6662782F41393633353835312D344632462D344230382D423046372D3739314545314133324237412F636E782E786D6C504B01021400140006080800CC70623BE75B7789680500003C10000034000000000000000000000000006E0800006662782F41393633353835312D344632462D344230382D423046372D3739314545
310
314133324237412F6F626A656374732E786D6C504B01021400140006080000CC70623B0000000000000000000000003500000000000000000000000000280E00006662782F41393633353835312D344632462D344230382D423046372D3739314545314133324237412F76657274696365732E62696E504B01021400140006
310
080800CC70623BF270F133060000000400000036000000000000000000000000007B0E00006662782F41393633353835312D344632462D344230382D423046372D3739314545314133324237412F747269616E676C65732E62696E504B01021400140006080000CC70623B0000000000000000000000003700000000000000
310
000000000000D50E00006662782F41393633353835312D344632462D344230382D423046372D3739314545314133324237412F617474726962757465732E62696E504B01021400140006080800CC70623B08DA0BD1900000004101000036000000000000000000000000002A0F00006662782F41393633353835312D344632
310
462D344230382D423046372D3739314545314133324237412F6469726563746F72792E786D6C504B01021400140006080800CC70623BEDD1DC58FD000000A00100003B000000000000000000000000000E1000006662782F41393633353835312D344632462D344230382D423046372D3739314545314133324237412F7265
310
736F75726365732F636F72652E786D6C504B0506000000000E000E0080040000641100000000
  0
XRECORD
  5
1F8
102
{ACAD_REACTORS
330
1F7
102
}
330
1F7
100
AcDbXrecord
280
     1
 70
     1
 90
429727718
  1
30362254-06B7-45E0-A893-8CFA70E3D6BC
310
504B03040A0000080000CC70623B3DEE336E79000000790000001B0000006175746F6465736B2D64657369676E2D7061636B6167652E786D6C3C3F786D6C2076657273696F6E3D22312E302220656E636F64696E673D227574662D3822203F3E3C666F726D6174733E3C666F726D61743E687474703A2F2F736368656D612E
310
6175746F6465736B2E636F6D2F64657369676E2D7061636B6167652F323030393C2F666F726D61743E3C2F666F726D6174733E504B0304140006080800CC70623BD486FD9CA0000000F4000000130000005B436F6E74656E745F54797065735D2E786D6C7D8EC10E82300C865F65E91D8A1E8C310C0EEA1BF002731658846E
310
D98AC1B77784ABF1D8FE5FBFBF75BBCE937A534CCEB38643598122B6FEE978D0B0485F9C41B54DDD7D022595594E1A469170414C76A4D9A4D207E29CF43ECE46F218070CC6BECC4078ACAA135ACF422C856C0E68EA1BF5669944DDD7BCDE7B1F8E415D77AECB980613C2E4AC91FC167A2B244592486606FC29C8FD7F045B9A
310
EF7053A7E60B504B0304140006080800CC70623B1EC5D7A3EB0000007C01000008000000636F72652E786D6C8D90416EC3201045AF82665B6103C6756C6122AB4D4ED00B204C5C94182C03558F5F9C3852BBEB6A467FFE9B197D71FC9E6FE8CBACC17AD7032D0820E3B41FAD9B7A48F1820F808E52ACDEC75F36404ECDA687
310
4D0629A6D5A76597B477D1B89855E747B38B2A041301E95B6E7A08FAD3CCAA50296647B8168BD2573599823EBB0CA76447F43862C7BCCF5EAC59410E4DDD9C7973C2755553CCCFA4C603E3040F1565ED3B1FDE4E432BCA0D9622DAF9795FAF464533826484B498524CD807E51D79ED187F21878E10516EF63F505AC67F42C9
310
BA58B1FDDD071640D2FCC87D2045B96591CB3DA85CB7DCE40F504B0304140006080800CC70623B55019EA25F0000007C00000007000000636E782E786D6C4DCB3B0E80201045D1AD90E915ED2CF8AC45050C11660C8261F98AB1B07AC9C97D42D718D865D3E909258CFD00CCE24AC6E326A164D74DC0B4128928FF32603847
310
2BA13128B1252AC747C6BAB984FC68F0B87FE8960A5C09FE86CFB69FBA01504B0304140006080800CC70623B8C9102E971010000D40300000C0000006662782F636F72652E786D6CC5535B6E833010BC8AE5DF0A6C08340F1947A84D4ED00B38C6A128602363A31CBFCB234A53A551FA553EC09AD9F5CE8C31DB9E9B1AF5CA
310
7695D1198E428A91D2D214952E33ECDD315861B4E5CC1AE3BE9561A445A3323CC098B3D21ADFCE9034DA29ED00D5A6503328BA4E398C640D8B0C77F253352214DE4145770A5B214FA2546114020D759C75CE8200340D19DE981F0F6746269C33EFAB6266AB02A655C74A59CCF365BADC27CB5D902ED22848F6340DF238A141
310
BE88E2F57B92BFEDF23523433367AE6A2EEAA455C2A902F398D2751045018D3FA264435F3771F242571B4A1919CA6F9A7C5B3CD9E42BED16F12C776AEB308F40C848FC700B1139D4891EF410CEC810227CC6846F8386402064270EF5C5C709A05E49676C024C61FC95EA45ED154CA5211D1FF4FB8291A913A68E9B83EBBB33
310
E2A7673CDE118E5AE8124C0807CB8377834E366998436B950D7A7746DAD846D4CFD978E0F04FD455FC5D49D2D4C6FE9722321F10997F0F32DC47FE05504B0304140006080800CC70623BFFEA85907E0000009D0000000B0000006662782F636E782E786D6C4DCCD10A83201886E15B91FFDC95D95A811AB6F23E625948A6C3
310
E9D8E5AF46073BFAE0E1E365ED67B3E8ADC3CB78C7815C7240DA3DFC64DCC221C519D7805AC182F7F1EF06C88D9BE6703008B6049F9E274D7A1E938DBB5AE3D6131B2589BA0D3D965551E0B2EA732C9B9A624AAEB41E3A557677029960D9AFB4EF11165F504B0304140006080800CC70623B4FEEA4082C0100001202000031
310
0000006662782F39464131463745442D413632322D343644302D413938332D3331353338454246344243312F636F72652E786D6C8D515B6EC32010BC0AE2AB55850DD871ED0813254D72825EC00192A2C460F1A872FC42ED48ED5F7E00CDCECCCEB26C731F6FE05B39AFADE921293004CA082BB5B9F43086336A21D870E6AC
310
0D7F68109861543DCC30E4ECE26C9C164858139409093556AA051CBC570102714B8F1E7AF1A5C6A11862480C7F2DA6415C878B2A4891CA89C7990F2E050073937C42DE1DB7E4F87ED8A36D4329AA9B3D46DBAEAD504556557BD81DEBDD0761E52CE42C462D17B996298E3E6BE59E35C962CE821E1FF18553435012728A7187
310
0841987E927A8D9B35ADDF70BBC6989599FE4F1427F9A4286A132ABAC49D651EF234CD5CE04CDA78BA3DC2A8FB645D00B9DF8B57E215725C60BCA2A463E54C4CE327C7A65E1C7DB02E7DEFCBF594B864C5CA6CDBD49C957943E9FA5D5FBAF336F90F504B0304140006080800CC70623BAD7543B64E01000033030000300000
310
006662782F39464131463745442D413632322D343644302D413938332D3331353338454246344243312F636E782E786D6CD593CD6EC32010845F0571AD6CE3D48AD20813A9873E410FBD12D82434182C7EAAE6EDBB2424CD25871E7B41D6EC30B3FA84F9E67BB2E40B4234DE8DB46F1925E094D7C6ED479AD3AE5951B2113C
310
789FEE6C943839C1488B4C05DF079FE72A69D8C96C13AAD6B8631503449F83828872B949AC57D26200B826A308D316B4064D6E46FCDA41C05550DC9E483A00797BFD207EFB092A45DE9514C1BBD22178396BD39D891265658C238DEA00936C654E5E433CB65A26D9F6EDB5EBC14EBF49A45CB856E66048291F6939A9A81BB5
310
C8917738143CA680F4AA299D66A042CEB3354A2684DC9D8D178FE0D9B8B41CAAD720F880EE7EF93C0C18769E099ECC04D5A102C8049A8A05632F4DDF376CF1DE0F6BB65C2F8627B65A33C6BB62177CEBBDAD973006829F89F22E814B54F4BC2BE347F8AA8F681390B50FA73F804400B5F542E796F19FF974E7F78DB802FE05
310
E207504B0304140006080800CC70623B16AB87BA640500003C100000340000006662782F39464131463745442D413632322D343644302D413938332D3331353338454246344243312F6F626A656374732E786D6CAD575B6FA33818FD2B887DE6924B3BED8A326A92B68A663B534DD4D13E548A0C38942D60649B369D5FBFC7
310
600890A493BDE42160637FD7F31D7FF63E6FB3D478A55C242CBF3247B66B1A340F5994E4F19559CA8D75611A9F7D8F33263BCB4C232719BD32D5B4E97B316765A1A722BA21652A07B3B7B33F0D11D29C9A46981221AE4C113ED38CD8A4942CA2E2C58E882476BCD9DA23BB5ED8171B73523C0F841684D35CC252CCE79062D4
310
468DFA43D7747CCF51DF7D4FFDEB5593E3AB9CCA9FBEFE241792E4E19EB28198C968BAB8199F5D5A67D3E9C49A9E8F47D6EC76B6B0469F26EEFC7C3EBFBCBEB98462213924694B38DD98FE1D62C393D073EA4FADC5DAF04326852CCF6958F90F0F2B9BB5C48816348F90C7840A68EB78EDF68723159BCEE7891A6B95DDE9D3
310
BCEAEEE8086A6C6F9E5D4B59F0175C10A7A0820BAA5055C7473B5AE3CFDD452D602CD5DF12616444529E90D448938013FE6EFA58AA96F85E4F8C42275708571E98FE6827AF6B2B4AE3D7D83D64E5A64C53054DD3AF90BD06FEA9149565C94FCA0F6B834DC85599E4F2423B24DF0B6AFA979E534DFA9E7A4CC6FA631D486393
310
921829879BF5D781A373557BCB85E97FB90DB62B558F8795179C15944B051F40AB495CF35451D26A4727654E6D8033BD98EF82F21D91FF8AF2DD9982BCF1643BDD4EB516C9492E368C67C88DED563FC36D5EACF66DFF057C3658BDBFA69DF9578B3DA735B64F18C7F20770A9D45CFCF7FCF563D6456A277DBEF78A02637CA2
310
43B90A490AEAB94F72244481D24819A6C0E59B606BFA4B3025981DBB48EAB701D97BF19C577CC77F2D1B6C55A9EF3C732474C0B727303F625995056C3B02963D9EAC146BE78EC5FCEC7FA999EBC5EACBAAE41B12D27B4D2C0BBA49F244E2ECDC81B76B502F113D8F5EE8FB1BE3111CDD4FC2AA9B844CAB1288B68AB90A7CDC
310
1C166AB0D3DC5310625FCC14E779BFD0709F8890A629C9292B1B2DED31A4B0DA928CEE135085754027E3018A397D4D5427D15BD1330B677DC8934285AC3DF45A9EB68FF8F2B8FC0A509AFEECFD0FF2DE25CC6047F7214B195F07EFEB9A094D800F7BFAE8FED187B78EA8A3A400F115961BCAD1215E47C966530AF0EE8128FE
310
58CEBB996A8964FFA529A046635D9353B0336A8F700DDF46271A024E70B0B37C9DE01847591E54DED53D54202AB947E4076556AC49C6CA5C9E1226B7F1A7B1BE15DEED62C41B91E1B3E9AFAAA735036547343A925075041DF0A9979E893B391F8FCFA6967B3EFB644DCF6E5CEBFAE272625DCC6FAF3FB93793C5F90CE1EF57
310
407342756B10D1C489E8953CD1617E5CEECAD6F4EF8914CE5D5D504E5C3F1F9736DA62CFC11E00BCDDB8CC8A9466349744C1F75EBDA4DF09BA8A9E8C7A7E9991989E20E5DBDD6A6003664ED8F7A04A8DBE0DF6EAD9B9AA858342E47399053949D2C146EDB85DE4B176BB0965FBAC19BD19AA918E27FA50C1D22402E144464C
310
59462568E704B6E71915404CB72B8FF4EDE184DDAF753F284990D2C6926782963815403548A70C657FDEF80D2D9CEAA2AE4C1C76F60BFE74219A06527D6582DF6412526107381E55E353090704D085B52408D0933C4ED159D79BDA71BB4BC506F4831350EB6F979CD22D69BF7AC49B91A2C0A9DDA3D5CA36AD20FC478E37E6
310
1844E2352865EBCB6EA275A652E3836BE04EFB400BF1A2556F515F1FBB35B2AB35BD889C744FFA1004B5544B121E57F70215746DD2F5E2C1412B602CBF19455AC6C8E5E9922C4E01E65215385004546899059180EAFCF7A707CE7017CD8CDB0410789AB32C63B91E5CEBBBACB17AC6CD347A022D5075FD106377347AAABA7E
310
7D11590744509B44E205134DC1290F06580320F78E537D3D73540E06CB970B431F185308AD40BBD794D6D77003C5A36E8EAA54BA64597CD8F83BD552A080A365F7FF06504B0304140006080000CC70623B000000000000000000000000350000006662782F39464131463745442D413632322D343644302D413938332D3331
310
353338454246344243312F76657274696365732E62696E504B0304140006080800CC70623BF270F1330600000004000000360000006662782F39464131463745442D413632322D343644302D413938332D3331353338454246344243312F747269616E676C65732E62696E636660600000504B0304140006080000CC70623B
310
000000000000000000000000370000006662782F39464131463745442D413632322D343644302D413938332D3331353338454246344243312F617474726962757465732E62696E504B0304140006080800CC70623B08DA0BD19000000041010000360000006662782F39464131463745442D413632322D343644302D413938
310
332D3331353338454246344243312F6469726563746F72792E786D6C858F410AC3201045AF22B36F53E9A60B35CBEEBAE80D244E44489C6234F4F835464A48035D0DF398FF9F8AF63D0E6CC63039F212F8F9020C7D47C6792B21C5FE7403D62A1188E2E60C98D7234A5830286103A55745067B9D86B8A3CF9C7F90C11DE607
310
FB144396D7B6A82D282E9A152AD114D5EF2CB866EEE831B8EEA07A7BB5A8D7D61A2BAAEB7FD5F70921FF497D00504B0304140006080800CC70623B0D6EF93BFE000000A00100003B0000006662782F39464131463745442D413632322D343644302D413938332D3331353338454246344243312F7265736F75726365732F63
310
6F72652E786D6C8D50596E833010BD0A9ADFCA60B334011947A8694ED00B586642AC041B79A97AFC9A40A5F6AF3F33A3B7689E1E3F7DCD8FEC139DD7D6F4C0720A191A65476DA61E62B892236427C19DB5E1970C322367EC618541F0C9D9B8EC90B226A009093576C41D94DE63804C3DD2D18357379C652E63480A7FCF17A9
310
EE72C29CE5894E3AC17D702940B63D59270887DE46A7D0F36263058F518FBB468FE9A7BE6A7420864373B8D4873369AA8691FA421B3294352543C5CAF65C0F6FEF43CB8BD52C78D0F34F46E550061C419494B6843142CB0F5677F4B52BEB177AEC28E5C52AFF638ACBF84F53D42654E51E77B379102C05791282176B5F693D
310
CB4C7BED567C03504B010214000A0000080000CC70623B3DEE336E79000000790000001B00000000000000000000000000000000006175746F6465736B2D64657369676E2D7061636B6167652E786D6C504B01021400140006080800CC70623BD486FD9CA0000000F40000001300000000000000000000000000B20000005B
310
436F6E74656E745F54797065735D2E786D6C504B01021400140006080800CC70623B1EC5D7A3EB0000007C010000080000000000000000000000000083010000636F72652E786D6C504B01021400140006080800CC70623B55019EA25F0000007C000000070000000000000000000000000094020000636E782E786D6C504B
310
01021400140006080800CC70623B8C9102E971010000D40300000C00000000000000000000000000180300006662782F636F72652E786D6C504B01021400140006080800CC70623BFFEA85907E0000009D0000000B00000000000000000000000000B30400006662782F636E782E786D6C504B01021400140006080800CC70
310
623B4FEEA4082C0100001202000031000000000000000000000000005A0500006662782F39464131463745442D413632322D343644302D413938332D3331353338454246344243312F636F72652E786D6C504B01021400140006080800CC70623BAD7543B64E010000330300003000000000000000000000000000D5060000
310
6662782F39464131463745442D413632322D343644302D413938332D3331353338454246344243312F636E782E786D6C504B01021400140006080800CC70623B16AB87BA640500003C1000003400000000000000000000000000710800006662782F39464131463745442D413632322D343644302D413938332D3331353338
310
454246344243312F6F626A656374732E786D6C504B01021400140006080000CC70623B0000000000000000000000003500000000000000000000000000270E00006662782F39464131463745442D413632322D343644302D413938332D3331353338454246344243312F76657274696365732E62696E504B01021400140006
310
080800CC70623BF270F133060000000400000036000000000000000000000000007A0E00006662782F39464131463745442D413632322D343644302D413938332D3331353338454246344243312F747269616E676C65732E62696E504B01021400140006080000CC70623B0000000000000000000000003700000000000000
310
000000000000D40E00006662782F39464131463745442D413632322D343644302D413938332D3331353338454246344243312F617474726962757465732E62696E504B01021400140006080800CC70623B08DA0BD190000000410100003600000000000000000000000000290F00006662782F39464131463745442D413632
310
322D343644302D413938332D3331353338454246344243312F6469726563746F72792E786D6C504B01021400140006080800CC70623B0D6EF93BFE000000A00100003B000000000000000000000000000D1000006662782F39464131463745442D413632322D343644302D413938332D3331353338454246344243312F7265
310
736F75726365732F636F72652E786D6C504B0506000000000E000E0080040000641100000000
  0
XRECORD
  5
1FB
102
{ACAD_REACTORS
330
173
102
}
330
173
100
AcDbXrecord
280
     1
 70
     0
 90
1673772943
  1
ECE7A1D2-D628-4531-984C-D00F80459256
310
504B03040A0000080000CC70623B3DEE336E79000000790000001B0000006175746F6465736B2D64657369676E2D7061636B6167652E786D6C3C3F786D6C2076657273696F6E3D22312E302220656E636F64696E673D227574662D3822203F3E3C666F726D6174733E3C666F726D61743E687474703A2F2F736368656D612E
310
6175746F6465736B2E636F6D2F64657369676E2D7061636B6167652F323030393C2F666F726D61743E3C2F666F726D6174733E504B0304140006080800CC70623BD486FD9CA0000000F4000000130000005B436F6E74656E745F54797065735D2E786D6C7D8EC10E82300C865F65E91D8A1E8C310C0EEA1BF002731658846E
310
D98AC1B77784ABF1D8FE5FBFBF75BBCE937A534CCEB38643598122B6FEE978D0B0485F9C41B54DDD7D022595594E1A469170414C76A4D9A4D207E29CF43ECE46F218070CC6BECC4078ACAA135ACF422C856C0E68EA1BF5669944DDD7BCDE7B1F8E415D77AECB980613C2E4AC91FC167A2B244592486606FC29C8FD7F045B9A
310
EF7053A7E60B504B0304140006080800CC70623BD9DDAED0EC0000007C01000008000000636F72652E786D6C8D90416EC3201045AF82665B61836D9CD8C2444DD39CA01740405C94182C03558F5F9C3852BBEB6A467FFE9B197D7EF89E6EE8CB2CC17A37002D0820E394D7D68D03A478C17B4007C117EFE32F1B20272733C0
310
2A83E0E3E2D3BC49CABB685CCCAAF3DA6CA20CC14440EA969B0182FA34932C648AD911AEC52CD5558EA6A0CF2EC329598D1E47ACCEFBECC59A050463A7EA5833865FEBDD0E37353BE3EE8DBDE3F6786A48D375FBF6CC78B9C282473B3DEFABC5C86834888A900E538A49F5419B9EB47DD5BC907D4F082F57FB1F28CDFA9F50
310
B22ED6D5F6EE030B20687EE43E10BC5CB3C8E51E54AE6B6EE207504B0304140006080800CC70623B55019EA25F0000007C00000007000000636E782E786D6C4DCB3B0E80201045D1AD90E915ED2CF8AC45050C11660C8261F98AB1B07AC9C97D42D718D865D3E909258CFD00CCE24AC6E326A164D74DC0B4128928FF326038
310
472BA13128B1252AC747C6BAB984FC68F0B87FE8960A5C09FE86CFB69FBA01504B0304140006080800CC70623BA24EB22D72010000D40300000C0000006662782F636F72652E786D6CC5535B6E833010BC8AE5DF0A6C5E49888CA3A6694ED00B38E05014B091B1518EDFE511A5A9D228FD2A1F60CDEC7A67C6986DCE4D8D7A
310
69BA4AAB0C073EC548AA5C17952A33ECECD15B61B4E1CC686DBF9561A44423333CC098B3D268D7CE50AE9595CA02AA74216750749DB418E5352C32DCE59FB211BE70162ABA93DF8AFC244AE9073ED050C759670D0840D390E18DF9F1706664C23973AE2A66B62A605A75ACA4C13C4976E1364A12EF355A2EBD384AF65EFA96
310
BC7B8BED2EA6719AAE16FB8491A199335B351775B991C2CA02F390D2D40B028F861F41BCA68B7518BFD0D59A524686F29B26D7164F36B94AD9289CE54E6D1DE6010819891F6E21228B3AD1831EC219194284CF98F06DD01008846CC5A1BEF83801D4CBDC6A1303536877A57A513B0953A94FC707FDBE6064EA84A9E3E6E0FA
310
EE8CF0E9198F7784A316AA0413C2C2F2E0ECA0934D1AE6D05A69BCDE9E91D2A611F573361E38FC1375157F5752AE6B6DFE4B11990F88CCBF0719EE23FF02504B0304140006080800CC70623B408A7D3B7C0000009D0000000B0000006662782F636E782E786D6C4DCCD10A83201886E15B91FFDC552A92A0064DBC8F581632
310
D3703A76F9ABD1C18E3E78F878E5F0D9027ABBFCF2292AE86E2D20171F69F6715550CB827B40839639A5F2770314A7CD293819B45C73AAFB45B35BA61ACAA1C1C7E7855C58C15BC331339661262CC762340413D68D77DA5B42298546CBE6573AF60CEB2F504B0304140006080800CC70623B449FB9BD290100001202000031
310
0000006662782F36394639363044362D344446342D343946362D394244322D3234314243333846323333332F636F72652E786D6C8D515B6EC32010BC0AE22B55850D98B871848994463E412FE002495162B07854397EA176A4F62F3F2C9A9D991D587EB84F37F0AD7D30CEF6905418026DA553C65E7A98E219ED203808EE9D
310
8B7F6810D871D23D2C3014FCE25D9A57483A1BB58D19B54EE9151C43D0110279CB971E06F9A5A7B11A53CC8C70ADE6515EC78BAE4895DB992778883E0700CB907242D17643D7E2538BD869608875438BBAE38922CAC8F1BDD90DB4691A5E2F42C153326A951B95E398B3D1FE599322163C9AE9115F7A3D46ADA0A018778810
310
84E907617BDCEE297BC5BB3DC6BC2EF47FA234AB2745C9D8D8D035EE220B50105E2F0DC1954B9FB747187D9F9D8FA0CCDB042D5FA0C015C65B42DF78BD10F3F3B363CB56C7109DCFDFBBB97E662ED92EB62D13BC2E1BCAE5777DB9966D8A1F504B0304140006080800CC70623BAD7543B64E01000033030000300000006662
310
782F36394639363044362D344446342D343946362D394244322D3234314243333846323333332F636E782E786D6CD593CD6EC32010845F0571AD6CE3D48AD20813A9873E410FBD12D82434182C7EAAE6EDBB2424CD25871E7B41D6EC30B3FA84F9E67BB2E40B4234DE8DB46F1925E094D7C6ED479AD3AE5951B2113C789FEE
310
6C943839C1488B4C05DF079FE72A69D8C96C13AAD6B8631503449F83828872B949AC57D26200B826A308D316B4064D6E46FCDA41C05550DC9E483A00797BFD207EFB092A45DE9514C1BBD22178396BD39D891265658C238DEA00936C654E5E433CB65A26D9F6EDB5EBC14EBF49A45CB856E66048291F6939A9A81BB5C89177
310
38143CA680F4AA299D66A042CEB3354A2684DC9D8D178FE0D9B8B41CAAD720F880EE7EF93C0C18769E099ECC04D5A102C8049A8A05632F4DDF376CF1DE0F6BB65C2F8627B65A33C6BB62177CEBBDAD973006829F89F22E814B54F4BC2BE347F8AA8F681390B50FA73F804400B5F542E796F19FF974E7F78DB802FE05E20750
310
4B0304140006080800CC70623B8D05915C650500003B100000340000006662782F36394639363044362D344446342D343946362D394244322D3234314243333846323333332F6F626A656374732E786D6CAD575B6FA33814FE2B887D06429276DA1565D4266D158D3A339A6846FB502932E050B66023DB74D2FDF5FB190C01
310
9276B2973C046C8ECFF53B17071F77456EBD502133CEAE6CDF9DD81665314F32965ED995DA3A17B6F5310C04E7AA47665B8C14F4CAD6DB7618A48257A5D94AE89654B91AEDDEDDFC61C998326A5B714EA4BCB265FC440BE2924AF184CA6737218AB8E976E7FA6E4338649B0A523E8D98964450A6A029F619B8588D52FE7039
310
B1BD30F0F4F730D0FF866AF6369557DB33949F31A9088B0F848DD8CCFCF9F2767A76E99CCDE733677E3EF59D9BBB9BA5E37F984D16E78BC5E5F5ED25044B25C0C96822E8D60EEFE11B91C581D77CEA34368A1F5329E68CD1B8B61F16D63A1B8E092D294B10C78C4A48EB593D192E7DED9BDEE7995E1B91FDEDD3ACEA9FE831
310
6A756F9F7D4D79F4274C90A7A04248AA51D5F8C718DAE06FB2F75AC4796EBE65D22A88A22223B995679120E2D50E41AA49C260C046A35368846B0BECD0DFF3EBEB8AD4F835768F69B9ADF25C43D30E6B646F807FAA64AD59F61715C7A54127C4AACA98BA3006A9D792DAE165E0D59B61A01FB3A9F9D838D2DAE62445C86166
310
F37564E842E7DE6A69879FEEA2DD5AE7E371E1A5E025154AC307D06A03D73EB5978C58FFA4C8E9033066E0F3BD53BEC1F39F91BE7B55103791EDE6BBB991A2046172CB4581D8B893FA674DDA17A77B3B7C413D1B511FD2743BFF8A38F03A658705E3ADF8015C3A3417FF3D7E439FF591DA0B5F18BC20C1B8981957AE6392A3
310
F43C640C01D1A0B4728E2DD4F26DB4B3C3152A252A3B4E913CEC1C72F012782FF88EFF8637AA552DBEF76408E8A8DE9E50F9E1CB3A2DA0DB1B6039A893B56063DC5B3E3FFB5F72E67AB9FEB4AEC496C4F4C1149625DD662C53E89D7BF0F6151A046260D1337DFDC94502430F83B0EE07A130A224BCAD7DAE1D9FB6CD422FF6
310
920702629C4BB9AE79C12F243C6432A6794E18E5552BA56B431AAB5D91317302B2B071E86C3A42B1A02F999E24061403B5D0EB639195DA655DD3EBEAB4FB862DDF579F014AD0E73C22F99E28DA57FB98E75C6CA2D74D53086D600F4786E0FE3144B771A8A7B900F03594DB8A633CBC49B2EDB69228BB479CF863B5E807AAAB
310
23872F6DFEB4129B949CA33823F58830E86D65621E10047D9DB34D862E8EAC3C2ABC2F7B2C40D67CDFE01F5545B92105AF983AC54D93D69E56FB8E797F88913F898A9FEC705D3F9D1B54EC8426FB500D40A03BD0119B06E1B95DDC7EB8F6975367793EBD70E66733DFB9BC982F9CE564727731999F5D4ECFCE3B8D6A4DC2A0
310
6D50FD148437D110834A64C6CDDF57FBACB5C307A2A477DFE4939736CFEF2B175371E0E10CF0DD1D5C15654E0BCA14D1E87DD02FF93782A162C0A3D95F1524A52770F972BF1EE9809D13CE7DD599467F8ECE9ADD85CE85A34CD45355448C64F9E8A031DC2D596ACC6E5DD93D9B82DE2EF5CAF81363A8E47996A0DE24564A79
310
4115AACE09C55E14540231FDA13C319787134EBF34E3A022514E5B4D9E0826E25C02D5805B15ABE1BEF51B26383D445DD9E875EE33FE4C22DA16427D65A3BCA92CA6D28DD01DF5DC53330704308475351050232CCD31583787BA75774AFB06E5070DD0C8EF484E19968C5D83BA5B90B244D31E54D55A372320FE4786B7EA58
310
44E135AA5467CB7EA333A61683CC6A8C3257034C10CF46F40EF9F5BE59BE5BD30C3C72D235E95D10345C1D45445A5F0BB47E46A5EBE5570F9380B5FA629579952296A773720405982B9DE04011506178964401AA8BDF1FBF0A8EAB6861DD6580C0E38217056766716DAEB2D6FA0917D3E4116581EADB879C4E7CFFB11EFACD
310
3D641311495D92C8676CB409A72D18610D803CE8A626049E8EC1887CB5B44CC39883690DDA8399B4B9855B481E7D71D4A9D22F96E5BB73BF5793020C02137BF837504B0304140006080000CC70623B000000000000000000000000350000006662782F36394639363044362D344446342D343946362D394244322D32343142
310
43333846323333332F76657274696365732E62696E504B0304140006080800CC70623BF270F1330600000004000000360000006662782F36394639363044362D344446342D343946362D394244322D3234314243333846323333332F747269616E676C65732E62696E636660600000504B0304140006080000CC70623B0000
310
00000000000000000000370000006662782F36394639363044362D344446342D343946362D394244322D3234314243333846323333332F617474726962757465732E62696E504B0304140006080800CC70623B08DA0BD19000000041010000360000006662782F36394639363044362D344446342D343946362D394244322D
310
3234314243333846323333332F6469726563746F72792E786D6C858F410AC3201045AF22B36F53E9A60B35CBEEBAE80D244E44489C6234F4F835464A48035D0DF398FF9F8AF63D0E6CC63039F212F8F9020C7D47C6792B21C5FE7403D62A1188E2E60C98D7234A5830286103A55745067B9D86B8A3CF9C7F90C11DE607FB14
310
4396D7B6A82D282E9A152AD114D5EF2CB866EEE831B8EEA07A7BB5A8D7D61A2BAAEB7FD5F70921FF497D00504B0304140006080800CC70623BCA768048FE000000A00100003B0000006662782F36394639363044362D344446342D343946362D394244322D3234314243333846323333332F7265736F75726365732F636F72
310
652E786D6C8D50596E833010BD0A9ADFCA60D600328E9AA639412F609909B1126CE4A5EAF16B0295DABFFECC8CDEA2797AECF8353F924FB44E193D409E5248504B332A3D0D10FC95B4901C39B3C6F85F3248B49871801506CE266BC2B243D2688FDA47549B11775038871E12F988C7004EDE7016A9083E2ADC3D5D84BC8B09
310
D33C8D74D471E6BC8D0192EDC93A815B742658898E651BCB59086ADC356A8C3FD555A1055ED7E7E254D615792D0F075295F585746FF53B694EE78A565DD736979A65AB9933AFE69F8CD2A2F038022F28ED489E135A7CE4554F9BBEA85E68DB53CAB255FEC71496F19FA6A0B42F8B3DEE6673C0F318E4497096AD7DC5F52C33
310
EEB55BFE0D504B010214000A0000080000CC70623B3DEE336E79000000790000001B00000000000000000000000000000000006175746F6465736B2D64657369676E2D7061636B6167652E786D6C504B01021400140006080800CC70623BD486FD9CA0000000F40000001300000000000000000000000000B20000005B436F
310
6E74656E745F54797065735D2E786D6C504B01021400140006080800CC70623BD9DDAED0EC0000007C010000080000000000000000000000000083010000636F72652E786D6C504B01021400140006080800CC70623B55019EA25F0000007C000000070000000000000000000000000095020000636E782E786D6C504B0102
310
1400140006080800CC70623BA24EB22D72010000D40300000C00000000000000000000000000190300006662782F636F72652E786D6C504B01021400140006080800CC70623B408A7D3B7C0000009D0000000B00000000000000000000000000B50400006662782F636E782E786D6C504B01021400140006080800CC70623B
310
449FB9BD290100001202000031000000000000000000000000005A0500006662782F36394639363044362D344446342D343946362D394244322D3234314243333846323333332F636F72652E786D6C504B01021400140006080800CC70623BAD7543B64E010000330300003000000000000000000000000000D20600006662
310
782F36394639363044362D344446342D343946362D394244322D3234314243333846323333332F636E782E786D6C504B01021400140006080800CC70623B8D05915C650500003B10000034000000000000000000000000006E0800006662782F36394639363044362D344446342D343946362D394244322D32343142433338
310
46323333332F6F626A656374732E786D6C504B01021400140006080000CC70623B0000000000000000000000003500000000000000000000000000250E00006662782F36394639363044362D344446342D343946362D394244322D3234314243333846323333332F76657274696365732E62696E504B010214001400060808
310
00CC70623BF270F13306000000040000003600000000000000000000000000780E00006662782F36394639363044362D344446342D343946362D394244322D3234314243333846323333332F747269616E676C65732E62696E504B01021400140006080000CC70623B00000000000000000000000037000000000000000000
310
00000000D20E00006662782F36394639363044362D344446342D343946362D394244322D3234314243333846323333332F617474726962757465732E62696E504B01021400140006080800CC70623B08DA0BD190000000410100003600000000000000000000000000270F00006662782F36394639363044362D344446342D
310
343946362D394244322D3234314243333846323333332F6469726563746F72792E786D6C504B01021400140006080800CC70623BCA768048FE000000A00100003B000000000000000000000000000B1000006662782F36394639363044362D344446342D343946362D394244322D3234314243333846323333332F7265736F
310
75726365732F636F72652E786D6C504B0506000000000E000E0080040000621100000000
  0
CELLSTYLEMAP
  5
2F5
102
{ACAD_REACTORS
330
2F4
102
}
330
2F4
100
AcDbCellStyleMap
 90
        3
300
CELLSTYLE
  1
TABLEFORMAT_BEGIN
 90
        5
170
     1
 91
        0
 92
    32768
 62
   257
 93
        1
300
CONTENTFORMAT
  1
CONTENTFORMAT_BEGIN
 90
        0
 91
        0
 92
      512
 93
        0
300

 40
0.0
140
1.0
 94
        5
 62
     0
340
11
144
6.0
309
CONTENTFORMAT_END
171
     1
301
MARGIN
  1
CELLMARGIN_BEGIN
 40
1.5
 40
1.5
 40
1.5
 40
1.5
 40
4.5
 40
4.5
309
CELLMARGIN_END
 94
        6
 95
        1
302
GRIDFORMAT
  1
GRIDFORMAT_BEGIN
 90
        0
 91
        1
 62
     0
 92
       -2
340
14
 93
        0
 40
1.125
309
GRIDFORMAT_END
 95
        2
302
GRIDFORMAT
  1
GRIDFORMAT_BEGIN
 90
        0
 91
        1
 62
     0
 92
       -2
340
14
 93
        0
 40
1.125
309
GRIDFORMAT_END
 95
        4
302
GRIDFORMAT
  1
GRIDFORMAT_BEGIN
 90
        0
 91
        1
 62
     0
 92
       -2
340
14
 93
        0
 40
1.125
309
GRIDFORMAT_END
 95
        8
302
GRIDFORMAT
  1
GRIDFORMAT_BEGIN
 90
        0
 91
        1
 62
     0
 92
       -2
340
14
 93
        0
 40
1.125
309
GRIDFORMAT_END
 95
       16
302
GRIDFORMAT
  1
GRIDFORMAT_BEGIN
 90
        0
 91
        1
 62
     0
 92
       -2
340
14
 93
        0
 40
1.125
309
GRIDFORMAT_END
 95
       32
302
GRIDFORMAT
  1
GRIDFORMAT_BEGIN
 90
        0
 91
        1
 62
     0
 92
       -2
340
14
 93
        0
 40
1.125
309
GRIDFORMAT_END
309
TABLEFORMAT_END
  1
CELLSTYLE_BEGIN
 90
        1
 91
        1
300
_TITLE
309
CELLSTYLE_END
300
CELLSTYLE
  1
TABLEFORMAT_BEGIN
 90
        5
170
     1
 91
        0
 92
        0
 62
   257
 93
        1
300
CONTENTFORMAT
  1
CONTENTFORMAT_BEGIN
 90
        0
 91
        0
 92
      512
 93
        0
300

 40
0.0
140
1.0
 94
        5
 62
     0
340
11
144
4.5
309
CONTENTFORMAT_END
171
     1
301
MARGIN
  1
CELLMARGIN_BEGIN
 40
1.5
 40
1.5
 40
1.5
 40
1.5
 40
4.5
 40
4.5
309
CELLMARGIN_END
 94
        6
 95
        1
302
GRIDFORMAT
  1
GRIDFORMAT_BEGIN
 90
        0
 91
        1
 62
     0
 92
       -2
340
14
 93
        0
 40
1.125
309
GRIDFORMAT_END
 95
        2
302
GRIDFORMAT
  1
GRIDFORMAT_BEGIN
 90
        0
 91
        1
 62
     0
 92
       -2
340
14
 93
        0
 40
1.125
309
GRIDFORMAT_END
 95
        4
302
GRIDFORMAT
  1
GRIDFORMAT_BEGIN
 90
        0
 91
        1
 62
     0
 92
       -2
340
14
 93
        0
 40
1.125
309
GRIDFORMAT_END
 95
        8
302
GRIDFORMAT
  1
GRIDFORMAT_BEGIN
 90
        0
 91
        1
 62
     0
 92
       -2
340
14
 93
        0
 40
1.125
309
GRIDFORMAT_END
 95
       16
302
GRIDFORMAT
  1
GRIDFORMAT_BEGIN
 90
        0
 91
        1
 62
     0
 92
       -2
340
14
 93
        0
 40
1.125
309
GRIDFORMAT_END
 95
       32
302
GRIDFORMAT
  1
GRIDFORMAT_BEGIN
 90
        0
 91
        1
 62
     0
 92
       -2
340
14
 93
        0
 40
1.125
309
GRIDFORMAT_END
309
TABLEFORMAT_END
  1
CELLSTYLE_BEGIN
 90
        2
 91
        1
300
_HEADER
309
CELLSTYLE_END
300
CELLSTYLE
  1
TABLEFORMAT_BEGIN
 90
        5
170
     1
 91
        0
 92
        0
 62
   257
 93
        1
300
CONTENTFORMAT
  1
CONTENTFORMAT_BEGIN
 90
        0
 91
        0
 92
      512
 93
        0
300

 40
0.0
140
1.0
 94
        2
 62
     0
340
11
144
4.5
309
CONTENTFORMAT_END
171
     1
301
MARGIN
  1
CELLMARGIN_BEGIN
 40
1.5
 40
1.5
 40
1.5
 40
1.5
 40
4.5
 40
4.5
309
CELLMARGIN_END
 94
        6
 95
        1
302
GRIDFORMAT
  1
GRIDFORMAT_BEGIN
 90
        0
 91
        1
 62
     0
 92
       -2
340
14
 93
        0
 40
1.125
309
GRIDFORMAT_END
 95
        2
302
GRIDFORMAT
  1
GRIDFORMAT_BEGIN
 90
        0
 91
        1
 62
     0
 92
       -2
340
14
 93
        0
 40
1.125
309
GRIDFORMAT_END
 95
        4
302
GRIDFORMAT
  1
GRIDFORMAT_BEGIN
 90
        0
 91
        1
 62
     0
 92
       -2
340
14
 93
        0
 40
1.125
309
GRIDFORMAT_END
 95
        8
302
GRIDFORMAT
  1
GRIDFORMAT_BEGIN
 90
        0
 91
        1
 62
     0
 92
       -2
340
14
 93
        0
 40
1.125
309
GRIDFORMAT_END
 95
       16
302
GRIDFORMAT
  1
GRIDFORMAT_BEGIN
 90
        0
 91
        1
 62
     0
 92
       -2
340
14
 93
        0
 40
1.125
309
GRIDFORMAT_END
 95
       32
302
GRIDFORMAT
  1
GRIDFORMAT_BEGIN
 90
        0
 91
        1
 62
     0
 92
       -2
340
14
 93
        0
 40
1.125
309
GRIDFORMAT_END
309
TABLEFORMAT_END
  1
CELLSTYLE_BEGIN
 90
        3
 91
        2
300
_DATA
309
CELLSTYLE_END
  0
ENDSEC
  0
SECTION
  2
ACDSDATA
 70
     2
 71
     2
  0
ACDSSCHEMA
 90
        0
  1
AcDb_Thumbnail_Schema
  2
AcDbDs::ID
280
    10
 91
        8
  2
Thumbnail_Data
280
    15
 91
        0
101
ACDSRECORD
 95
        0
 90
        2
  2
AcDbDs::TreatedAsObjectData
280
     1
291
     1
101
ACDSRECORD
 95
        0
 90
        3
  2
AcDbDs::Legacy
280
     1
291
     1
101
ACDSRECORD
  1
AcDbDs::ID
 90
        4
  2
AcDs:Indexable
280
     1
291
     1
101
ACDSRECORD
  1
AcDbDs::ID
 90
        5
  2
AcDbDs::HandleAttribute
280
     7
282
     1
  0
ACDSSCHEMA
 90
        1
  1
AcDb3DSolid_ASM_Data
  2
AcDbDs::ID
280
    10
 91
        8
  2
ASM_Data
280
    15
 91
        0
101
ACDSRECORD
 95
        1
 90
        2
  2
AcDbDs::TreatedAsObjectData
280
     1
291
     1
101
ACDSRECORD
 95
        1
 90
        3
  2
AcDbDs::Legacy
280
     1
291
     1
101
ACDSRECORD
  1
AcDbDs::ID
 90
        4
  2
AcDs:Indexable
280
     1
291
     1
101
ACDSRECORD
  1
AcDbDs::ID
 90
        5
  2
AcDbDs::HandleAttribute
280
     7
282
     1
  0
ACDSSCHEMA
 90
        2
  1
AcDbDs::TreatedAsObjectDataSchema
  2
AcDbDs::TreatedAsObjectData
280
     1
 91
        0
  0
ACDSSCHEMA
 90
        3
  1
AcDbDs::LegacySchema
  2
AcDbDs::Legacy
280
     1
 91
        0
  0
ACDSSCHEMA
 90
        4
  1
AcDbDs::IndexedPropertySchema
  2
AcDs:Indexable
280
     1
 91
        0
  0
ACDSSCHEMA
 90
        5
  1
AcDbDs::HandleAttributeSchema
  2
AcDbDs::HandleAttribute
280
     7
 91
        1
284
     1
  0
ACDSRECORD
 90
        1
  2
AcDbDs::ID
280
    10
320
2EE
  2
ASM_Data
280
    15
 94
    21023
310
41534D2042696E61727946696C65341C57000000000000020000000400000007214F70656E2044657369676E20416C6C69616E63652041434953204275696C646572070E41434953203232332E3030204E540718576564205365702033302031383A35303A3436203230323606000000000000F03F068DEDB5A0F7C6B03E06
310
BBBDD7D9DF7CDB3D0D0961736D6865616465720CFFFFFFFF04FFFFFFFF070D3233322E302E312E3635353335110D04626F64790C0200000004FFFFFFFF0CFFFFFFFF0C030000000CFFFFFFFF0C04000000110E067265665F76740E036579650D066174747269620CFFFFFFFF04FFFFFFFF0CFFFFFFFF0CFFFFFFFF0C010000
310
000CFFFFFFFF0CFFFFFFFF110D046C756D700C0500000004FFFFFFFF0CFFFFFFFF0CFFFFFFFF0C060000000C01000000110D097472616E73666F726D0CFFFFFFFF04FFFFFFFF14000000000000F03F00000000000000000000000000000000140000000000000000000000000000F03F000000000000000014000000000000
310
00000000000000000000000000000000F03F140B45CBEBEE3E9B40584FD9D9C2F59F40000000000000000006000000000000F03F0B0B0B110E067265665F76740E036579650D066174747269620CFFFFFFFF04FFFFFFFF0CFFFFFFFF0CFFFFFFFF0C030000000CFFFFFFFF0CFFFFFFFF110D057368656C6C0C0700000004FF
310
FFFFFF0CFFFFFFFF0CFFFFFFFF0CFFFFFFFF0C080000000CFFFFFFFF0C03000000110E067265665F76740E036579650D066174747269620CFFFFFFFF04FFFFFFFF0CFFFFFFFF0CFFFFFFFF0C060000000CFFFFFFFF0CFFFFFFFF110D04666163650C0900000004FFFFFFFF0CFFFFFFFF0C0A0000000C0B0000000C06000000
310
0CFFFFFFFF0C0C0000000B0B110E05666D6573680E036579650D066174747269620CFFFFFFFF04FFFFFFFF0C0D0000000CFFFFFFFF0C08000000110D04666163650C0E00000004FFFFFFFF0CFFFFFFFF0C0F0000000C100000000C060000000CFFFFFFFF0C110000000B0B110D046C6F6F700CFFFFFFFF04FFFFFFFF0CFFFF
310
FFFF0CFFFFFFFF0C120000000C08000000110E04636F6E650D07737572666163650CFFFFFFFF04FFFFFFFF0CFFFFFFFF13C0085E10127A9340D8931B4B1A8E9840000000000000000014000000000000F03F4F1BE8B4814EBBBC4F1BE8B4814EBB3C140000000000000000131A1DA039845A40131A1DA039845A4006000000
310
000000F03F0B0B06000000000000000006000000000000F03F060000000000C062400B0B0B0B0B110E067265665F76740E036579650D066174747269620CFFFFFFFF04FFFFFFFF0C130000000C090000000C080000000CFFFFFFFF0CFFFFFFFF110E05666D6573680E036579650D066174747269620CFFFFFFFF04FFFFFFFF
310
0C140000000CFFFFFFFF0C0A000000110D04666163650C1500000004FFFFFFFF0CFFFFFFFF0C160000000C170000000C060000000CFFFFFFFF0C180000000B0B110D046C6F6F700CFFFFFFFF04FFFFFFFF0CFFFFFFFF0CFFFFFFFF0C190000000C0A000000110E05706C616E650D07737572666163650CFFFFFFFF04FFFFFF
310
FF0CFFFFFFFF13BF085E1012A69440D8931B4B1AC697400000000000C062401400000000000000000000000000000000000000000000F03F14000000000000F03F000000000000000000000000000000000B0B0B0B0B110D06636F656467650CFFFFFFFF04FFFFFFFF0CFFFFFFFF0C1A0000000C1B0000000C1C0000000C1D
310
0000000B0C0B00000004000000000CFFFFFFFF110E09706572737562656E740E1061636164536F6C6964486973746F72790D066174747269620CFFFFFFFF04FFFFFFFF0CFFFFFFFF0C0D0000000C080000000401000000040E00000004010000000400000000110E067265665F76740E036579650D066174747269620CFFFF
310
FFFF04FFFFFFFF0C1E0000000C0E0000000C0A0000000CFFFFFFFF0CFFFFFFFF110E05666D6573680E036579650D066174747269620CFFFFFFFF04FFFFFFFF0C1F0000000CFFFFFFFF0C0F000000110D04666163650C2000000004FFFFFFFF0CFFFFFFFF0C210000000C220000000C060000000CFFFFFFFF0C230000000B0B
310
110D046C6F6F700CFFFFFFFF04FFFFFFFF0CFFFFFFFF0CFFFFFFFF0C240000000C0F000000110E04636F6E650D07737572666163650CFFFFFFFF04FFFFFFFF0CFFFFFFFF13C1085E1012DE9340D8931B4B1A9A9640000000000000000014311BE8B4814EBB3C000000000000F03F481BE8B4814EBB3C14201A1DA039845AC0
310
00000000000000000A1A1DA039845A4006000000000000F03F0B0B06000000000000000006000000000000F03F060000000000C062400B0B0B0B0B110D06636F656467650CFFFFFFFF04FFFFFFFF0CFFFFFFFF0C250000000C260000000C270000000C280000000A0C1000000004000000000CFFFFFFFF110D06636F656467
310
650CFFFFFFFF04FFFFFFFF0CFFFFFFFF0C290000000C120000000C2A0000000C2B0000000A0C0B00000004000000000CFFFFFFFF110D06636F656467650CFFFFFFFF04FFFFFFFF0CFFFFFFFF0C120000000C270000000C2C0000000C2D0000000B0C0B00000004000000000CFFFFFFFF110D06636F656467650CFFFFFFFF04
310
FFFFFFFF0CFFFFFFFF0C2E0000000C2F0000000C120000000C1D0000000A0C3000000004000000000CFFFFFFFF110D04656467650C3100000004FFFFFFFF0CFFFFFFFF0C3200000006EA64783D23F84D400C3300000006135592996B6960400C1C0000000C340000000B0707756E6B6E6F776E110E09706572737562656E74
310
0E1061636164536F6C6964486973746F72790D066174747269620CFFFFFFFF04FFFFFFFF0CFFFFFFFF0C140000000C0A0000000401000000040A0000000400CA9A3B0402000000110E067265665F76740E036579650D066174747269620CFFFFFFFF04FFFFFFFF0C350000000C150000000C0F0000000CFFFFFFFF0CFFFFFF
310
FF110E05666D6573680E036579650D066174747269620CFFFFFFFF04FFFFFFFF0C360000000CFFFFFFFF0C16000000110D04666163650C3700000004FFFFFFFF0CFFFFFFFF0C380000000C390000000C060000000CFFFFFFFF0C3A0000000B0B110D046C6F6F700CFFFFFFFF04FFFFFFFF0CFFFFFFFF0CFFFFFFFF0C3B0000
310
000C16000000110E04636F6E650D07737572666163650CFFFFFFFF04FFFFFFFF0CFFFFFFFF13C0085E10124E9240D9931B4B1A1E9A4000000000000000001400000000000000000000000000000000000000000000F03F14C26613C07BAD41C0AD6613C07BAD4140000000000000000006000000000000F03F0B0B06000000
310
000000000006000000000000F03F06FFFFFFFFFFFF48400B0B0B0B0B110D06636F656467650CFFFFFFFF04FFFFFFFF0CFFFFFFFF0C3C0000000C3D0000000C3E0000000C3F0000000A0C1700000004000000000CFFFFFFFF110D06636F656467650CFFFFFFFF04FFFFFFFF0CFFFFFFFF0C400000000C190000000C3D000000
310
0C410000000A0C1000000004000000000CFFFFFFFF110D06636F656467650CFFFFFFFF04FFFFFFFF0CFFFFFFFF0C190000000C400000000C420000000C430000000A0C1000000004000000000CFFFFFFFF110D06636F656467650CFFFFFFFF04FFFFFFFF0CFFFFFFFF0C1B0000000C3E0000000C190000000C280000000B0C
310
0B00000004000000000CFFFFFFFF110D04656467650C4400000004FFFFFFFF0CFFFFFFFF0C450000000640000000000039400C46000000060000000000405F400C190000000C470000000B0707756E6B6E6F776E110D06636F656467650CFFFFFFFF04FFFFFFFF0CFFFFFFFF0C3E0000000C1A0000000C3B0000000C480000
310
000B0C0B00000004000000000CFFFFFFFF110D06636F656467650CFFFFFFFF04FFFFFFFF0CFFFFFFFF0C490000000C4A0000000C1A0000000C2B0000000B0C4B00000004000000000CFFFFFFFF110D04656467650C4C00000004FFFFFFFF0CFFFFFFFF0C4D0000000600000000000000000C33000000060000000000C07240
310
0C2A0000000C4E0000000B0707756E6B6E6F776E110D06636F656467650CFFFFFFFF04FFFFFFFF0CFFFFFFFF0C420000000C4F0000000C1B0000000C2D0000000A0C5000000004000000000CFFFFFFFF110D04656467650C5100000004FFFFFFFF0CFFFFFFFF0C4600000006192D4454FB21F9BF0C32000000066846835913
310
84DCBF0C2C0000000C520000000B0707756E6B6E6F776E110D06636F656467650CFFFFFFFF04FFFFFFFF0CFFFFFFFF0C2F0000000C1C0000000C4F0000000C530000000A0C3000000004000000000CFFFFFFFF110D06636F656467650CFFFFFFFF04FFFFFFFF0CFFFFFFFF0C1C0000000C2E0000000C490000000C54000000
310
0A0C3000000004000000000CFFFFFFFF110D046C6F6F700CFFFFFFFF04FFFFFFFF0CFFFFFFFF0CFFFFFFFF0C1C0000000C55000000110E0670746C6973740E036579650D066174747269620CFFFFFFFF04FFFFFFFF0CFFFFFFFF0CFFFFFFFF0C1D000000110D067665727465780CFFFFFFFF04FFFFFFFF0CFFFFFFFF0C1D00
310
000004020000000C56000000110D067665727465780CFFFFFFFF04FFFFFFFF0CFFFFFFFF0C2B00000004020000000C57000000110E08696E7463757276650D0563757276650CFFFFFFFF04FFFFFFFF0CFFFFFFFF0B0F0D0B696E745F696E745F63757204A451000015000000000D046E756273040300000015000000000409
310
00000006EA64783D23F84D40040300000006C4689D949DFE5040040200000006F7288C3D814153400402000000062AE97AE6648455400402000000065CA9698F48C757400402000000068E6958382C0A5A40040200000006C12947E10F4D5C40040200000006F4E9358AF38F5E40040200000006135592996B696040040300
310
00000604A45EEE7D8B9740060B2F1C2986AB9A40060E4BF61F4229504006D7CADCA33A8797400638089E73C9AF9A40066E6A3DBCE4344F4006D90DB437BF82974006243E60E5E1B39A4006D265CA3645104E40068F6BA854D1789740064F45F53527BC9A40063943B5AD6C964B4006D08A3FE951739740063FB0453246C09A
310
400668A0519BB23F4A400696932715F0679740065F8FF171ECC79A40061258B0FEE787474006BCD297A70D62974006D7ACC7C073CB9A40068A35E06DD4264640060858E19F00569740068B0D5281DDD19A4006CA798790685E4340069BDD450AD64F9740068A9FC9F5BFD49A400674BCC10E10F741400656F3993A55439740
310
06ECDBB918D9D99A40067BC9F5959E4C3E40065C2CE4A4FE3C9740069AF327EF0FDC9A40066AE3194AA4793B400638408C5D42309740063481221DD1DF9A4006D091D526D4D7354006D8B6ECAEDC29974006B04DD1755BE19A400626989DEEFD08334006306028BD1F1D97400615B5CE97C8E39A40067C0C310E86F02A4006
310
7D834F74C81697400661329163ABE49A4006BB3D2BCBB36C254006FB898576450A974006656ED43CD4E59A4006748248A7C5211540061630CBC41904974006D8931B4B1AE69A40062380B9DD8CE3044006C0085E1012FE964006D8931B4B1AE69A4006000000000000000006D2A1C3DDC253253F0D04636F6E6513C0085E10
310
12FE9640D8931B4B1A1E9A4000000000000000001400000000000000000000000000000080000000000000F03F14BB6613C07BAD4140BB6613C07BAD4140000000000000000006000000000000F03F0B0B06000000000000000006000000000000F03F0604000000000049400B0B0B0B0B0D04636F6E6513C0085E10127A93
310
40D8931B4B1A8E9840000000000000000014000000000000F03F4F1BE8B4814EBBBC4F1BE8B4814EBB3C140000000000000000131A1DA039845A40131A1DA039845A4006000000000000F03F0B0B06000000000000000006000000000000F0BF060000000000C062400B0B0B0B0B0D066E756C6C62730D066E756C6C62730B
310
0A061F7679976B69604004000000000401000000061F7679976B69604004000000000400000000100A06EA64783D23F84D400A06135592996B696040110E09706572737562656E740E1061636164536F6C6964486973746F72790D066174747269620CFFFFFFFF04FFFFFFFF0CFFFFFFFF0C1F0000000C0F00000004010000
310
00040B00000004010000000400000000110E067265665F76740E036579650D066174747269620CFFFFFFFF04FFFFFFFF0C580000000C200000000C160000000CFFFFFFFF0CFFFFFFFF110E05666D6573680E036579650D066174747269620CFFFFFFFF04FFFFFFFF0C590000000CFFFFFFFF0C21000000110D04666163650C
310
5A00000004FFFFFFFF0CFFFFFFFF0C5B0000000C500000000C060000000CFFFFFFFF0C5C0000000B0B110D046C6F6F700CFFFFFFFF04FFFFFFFF0CFFFFFFFF0CFFFFFFFF0C5D0000000C21000000110E04636F6E650D07737572666163650CFFFFFFFF04FFFFFFFF0CFFFFFFFF13C0085E1012D29540D8931B4B1AFE964000
310
0000000000000014000000000000F0BF00000000000000000000000000000000140000000000000000131A1DA039845AC0131A1DA039845A4006000000000000F03F0B0B06000000000000000006000000000000F03F060000000000C062400B0B0B0B0B110D06636F656467650CFFFFFFFF04FFFFFFFF0CFFFFFFFF0C5E00
310
00000C5F0000000C290000000C480000000A0C2200000004000000000CFFFFFFFF110D06636F656467650CFFFFFFFF04FFFFFFFF0CFFFFFFFF0C600000000C240000000C5F0000000C610000000B0C1700000004000000000CFFFFFFFF110D06636F656467650CFFFFFFFF04FFFFFFFF0CFFFFFFFF0C240000000C62000000
310
0C250000000C410000000B0C1700000004000000000CFFFFFFFF110D06636F656467650CFFFFFFFF04FFFFFFFF0CFFFFFFFF0C270000000C290000000C240000000C3F0000000B0C0B00000004000000000CFFFFFFFF110D04656467650C6300000004FFFFFFFF0CFFFFFFFF0C64000000062E4683591384DC3F0C45000000
310
06182D4454FB21F93F0C240000000C650000000B0707756E6B6E6F776E110D06636F656467650CFFFFFFFF04FFFFFFFF0CFFFFFFFF0C260000000C250000000C660000000C670000000A0C1000000004000000000CFFFFFFFF110D04656467650C6800000004FFFFFFFF0CFFFFFFFF0C690000000600000000000039400C45
310
000000060000000000405F400C250000000C6A0000000B0707756E6B6E6F776E110D06636F656467650CFFFFFFFF04FFFFFFFF0CFFFFFFFF0C6B0000000C2C0000000C260000000C430000000B0C5000000004000000000CFFFFFFFF110D04656467650C6C00000004FFFFFFFF0CFFFFFFFF0C460000000600000000000039
310
400C6D000000060000000000405F400C260000000C6E0000000B0707756E6B6E6F776E110E0670746C6973740E036579650D066174747269620CFFFFFFFF04FFFFFFFF0CFFFFFFFF0CFFFFFFFF0C28000000110D067665727465780CFFFFFFFF04FFFFFFFF0CFFFFFFFF0C3F00000004020000000C6F000000110D06766572
310
7465780CFFFFFFFF04FFFFFFFF0CFFFFFFFF0C4300000004020000000C70000000110E0873747261696768740D0563757276650CFFFFFFFF04FFFFFFFF0CFFFFFFFF13C0085E10127A9340D8931B4B1A8E98400000000000C0624014000000000000F03F4F1BE8B4814ECBBC00000000000000000A06726F0C0100807BC00A
310
06BE37860000708240110D04656467650C7100000004FFFFFFFF0CFFFFFFFF0C4D0000000600000000000000000C640000000688776894C5D651400C3B0000000C720000000B0707756E6B6E6F776E110D06636F656467650CFFFFFFFF04FFFFFFFF0CFFFFFFFF0C730000000C2A0000000C2F0000000C540000000B0C4B00
310
000004000000000CFFFFFFFF110D06636F656467650CFFFFFFFF04FFFFFFFF0CFFFFFFFF0C2A0000000C740000000C5E0000000C750000000B0C4B00000004000000000CFFFFFFFF110D046C6F6F700CFFFFFFFF04FFFFFFFF0CFFFFFFFF0CFFFFFFFF0C740000000C76000000110E0670746C6973740E036579650D066174
310
747269620CFFFFFFFF04FFFFFFFF0CFFFFFFFF0CFFFFFFFF0C2B000000110D067665727465780CFFFFFFFF04FFFFFFFF0CFFFFFFFF0C7500000004020000000C77000000110E0873747261696768740D0563757276650CFFFFFFFF04FFFFFFFF0CFFFFFFFF13C0085E10124E9240D9931B4B1AE69A40000000000000000014
310
000000000000F03F4F1BE8B4814ECBBC00000000000000000B0B110D06636F656467650CFFFFFFFF04FFFFFFFF0CFFFFFFFF0C2C0000000C780000000C2E0000000C530000000B0C5000000004000000000CFFFFFFFF110D046C6F6F700CFFFFFFFF04FFFFFFFF0CFFFFFFFF0CFFFFFFFF0C2C0000000C38000000110E0670
310
746C6973740E036579650D066174747269620CFFFFFFFF04FFFFFFFF0CFFFFFFFF0CFFFFFFFF0C2D000000110E07656C6C697073650D0563757276650CFFFFFFFF04FFFFFFFF0CFFFFFFFF13C0085E10126E9540D8931B4B1A8E9840000000000000000014CC3B7F669EA0E6BFCD3B7F669EA0E63F01000000000050B914FB
310
FFFFFFFFBF6240FBFFFFFFFFBF6240FFFFFFFFFFFF27BD06D13B7F669EA0E63F0A06192D4454FB21F9BF0A06182D4454FB21F93F110D04656467650C7900000004FFFFFFFF0CFFFFFFFF0C7A0000000600000000000000000C32000000068F12D9DAC74952400C2E0000000C7B0000000B0707756E6B6E6F776E110D046564
310
67650C7C00000004FFFFFFFF0CFFFFFFFF0C3300000006182D4454FB21E9BF0C7A00000006182D4454FB21E93F0C490000000C7D0000000B0707756E6B6E6F776E110D04666163650C7E00000004FFFFFFFF0CFFFFFFFF0C7F0000000C300000000C060000000CFFFFFFFF0C800000000B0B110D05706F696E740CFFFFFFFF
310
04FFFFFFFF0CFFFFFFFF1304A45EEE7D8B97400B2F1C2986AB9A400E4BF61F42295040110D05706F696E740CFFFFFFFF04FFFFFFFF0CFFFFFFFF13C0085E1012FE9640D8931B4B1AE69A400000000000000000110E09706572737562656E740E1061636164536F6C6964486973746F72790D066174747269620CFFFFFFFF04
310
FFFFFFFF0CFFFFFFFF0C360000000C160000000401000000040A00000004080000000400000000110E067265665F76740E036579650D066174747269620CFFFFFFFF04FFFFFFFF0C810000000C370000000C210000000CFFFFFFFF0CFFFFFFFF110E05666D6573680E036579650D066174747269620CFFFFFFFF04FFFFFFFF
310
0C820000000CFFFFFFFF0C38000000110D04666163650C8300000004FFFFFFFF0CFFFFFFFF0C550000000C840000000C060000000CFFFFFFFF0C850000000B0B110E04636F6E650D07737572666163650CFFFFFFFF04FFFFFFFF0CFFFFFFFF13C0085E10126E9540D8931B4B1AF29840000000000000000014000000000000
310
0000000000000000F0BF000000000000000014131A1DA039845A400000000000000000131A1DA039845A4006000000000000F03F0B0B06000000000000000006000000000000F03F060000000000C062400B0B0B0B0B110D06636F656467650CFFFFFFFF04FFFFFFFF0CFFFFFFFF0C860000000C870000000C880000000C89
310
0000000B0C3900000004000000000CFFFFFFFF110D06636F656467650CFFFFFFFF04FFFFFFFF0CFFFFFFFF0C5F0000000C3B0000000C4A0000000C750000000A0C2200000004000000000CFFFFFFFF110D06636F656467650CFFFFFFFF04FFFFFFFF0CFFFFFFFF0C3B0000000C5E0000000C3C0000000C610000000A0C2200
310
000004000000000CFFFFFFFF110D06636F656467650CFFFFFFFF04FFFFFFFF0CFFFFFFFF0C8A0000000C3C0000000C740000000C8B0000000A0C1700000004000000000CFFFFFFFF110D04656467650C8C00000004FFFFFFFF0CFFFFFFFF0C6400000006BACB35472B9276400C8D000000066010EC3D9D247B400C5F000000
310
0C8E0000000B0707756E6B6E6F776E110D06636F656467650CFFFFFFFF04FFFFFFFF0CFFFFFFFF0C3D0000000C8A0000000C870000000C8F0000000A0C1700000004000000000CFFFFFFFF110E0670746C6973740E036579650D066174747269620CFFFFFFFF04FFFFFFFF0CFFFFFFFF0CFFFFFFFF0C3F000000110D067665
310
727465780CFFFFFFFF04FFFFFFFF0CFFFFFFFF0C6100000004020000000C90000000110E07656C6C697073650D0563757276650CFFFFFFFF04FFFFFFFF0CFFFFFFFF13C1085E1012DE9340D8931B4B1A8E9840000000000000000014D23B7F669EA0E63FC83B7F669EA0E63F01000000000040B914FCFFFFFFFFBF62C00400
310
000000C06240000000000000103D06CE3B7F669EA0E63F0A06182D4454FB21F9BF0A06182D4454FB21F93F110D06636F656467650CFFFFFFFF04FFFFFFFF0CFFFFFFFF0C870000000C910000000C400000000C670000000B0C3900000004000000000CFFFFFFFF110D04656467650C9200000004FFFFFFFF0CFFFFFFFF0C6D
310
0000000600000000000039400C6900000006F0FFFFFFFF3F5F400C400000000C930000000B0707756E6B6E6F776E110E0670746C6973740E036579650D066174747269620CFFFFFFFF04FFFFFFFF0CFFFFFFFF0CFFFFFFFF0C41000000110D067665727465780CFFFFFFFF04FFFFFFFF0CFFFFFFFF0C410000000402000000
310
0C94000000110E0873747261696768740D0563757276650CFFFFFFFF04FFFFFFFF0CFFFFFFFF13C1085E1012DE9340D8931B4B1A9A96400000000000C0624014491BE8B4814ECB3C000000000000F03F00000000000000000A06BD37860000E080C00A06BC37860000908540110D06636F656467650CFFFFFFFF04FFFFFFFF
310
0CFFFFFFFF0C950000000C420000000C910000000C960000000A0C5000000004000000000CFFFFFFFF110E0670746C6973740E036579650D066174747269620CFFFFFFFF04FFFFFFFF0CFFFFFFFF0CFFFFFFFF0C43000000110D067665727465780CFFFFFFFF04FFFFFFFF0CFFFFFFFF0C9600000004020000000C97000000
310
110E0873747261696768740D0563757276650CFFFFFFFF04FFFFFFFF0CFFFFFFFF13C0085E10126E9540D8931B4B1AF298400000000000C06240140000000000000000000000000000F0BF00000000000000000A06BC37860000E080C00A06BD37860000908540110D05706F696E740CFFFFFFFF04FFFFFFFF0CFFFFFFFF13
310
C1085E1012DE9340D8931B4B1A8E98400000000000C06240110D05706F696E740CFFFFFFFF04FFFFFFFF0CFFFFFFFF13C0085E10126E9540D8931B4B1A8E98400000000000C06240110E0670746C6973740E036579650D066174747269620CFFFFFFFF04FFFFFFFF0CFFFFFFFF0CFFFFFFFF0C48000000110E08696E746375
310
7276650D0563757276650CFFFFFFFF04FFFFFFFF0CFFFFFFFF0B0F0D0B696E745F696E745F63757204A451000015000000000D046E756273040300000015000000000409000000060000000000000000040300000006900176471D172240040200000006900176471D173240040200000006580231EBAB223B400402000000
310
06900176471D174240040200000006F4815399E49C4640040200000006580231EBAB224B40040200000006BC820E3D73A84F4004020000000688776894C5D65140040300000006C0085E10124E924006D9931B4B1AE69A40060000000000000000066AE1F05B0A48924006D9931B4B1AE69A40062380B9DD8CE30440068A87
310
36AADE41924006656ED43CD4E59A40068C8648A7C5211540060A8E6CAC5B3592400661329163ABE49A400614402BCBB36C2540064EB19363042F92400616B5CE97C8E39A4006B60B310E86F02A4006A65ACF714722924006B04DD1755BE19A4006AF979DEEFD0833400648D12FC3E11B9240063681221DD1DF9A4006B091D5
310
26D4D735400624E5D77B250F9240069CF327EF0FDC9A40060FE3194AA4793B40062B1E22E6CE08924006ECDBB918D9D99A400675C9F5959E4C3E4006E53376164EFC9140068C9FC9F5BFD49A40066FBCC10E10F741400679B9DA8023F69140068D0D5281DDD19A4006A6798790685E434006C53E247916EA914006D9ACC7C0
310
73CB9A40066935E06DD426464006EB7D940B34E4914006618FF171ECC79A40062558B0FEE787474006B1867C37D2D891400641B0453246C09A400677A0519BB23F4A4006F0A513CC52D39140065045F53527BC9A40061343B5AD6C964B4006A60308E964C9914006253E60E5E1B39A40069165CA3645104E4006AA46DF7CE9
310
C491400639089E73C9AF9A4006306A3DBCE4344F40067D6D5D32A6C09140060C2F1C2986AB9A4006EC4AF61F42295040066F6991DDC253253F0D04636F6E6513C0085E10124E9240D9931B4B1A1E9A4000000000000000001400000000000000000000000000000000000000000000F03F14C26613C07BAD41C0AD6613C07B
310
AD4140000000000000000006000000000000F03F0B0B06000000000000000006000000000000F03F06FFFFFFFFFFFF48400B0B0B0B0B0D04636F6E6513C0085E10127A9340D8931B4B1A8E9840000000000000000014000000000000F03F4F1BE8B4814EBBBC4F1BE8B4814EBB3C140000000000000000131A1DA039845A40
310
131A1DA039845A4006000000000000F03F0B0B06000000000000000006000000000000F0BF060000000000C062400B0B0B0B0B0D066E756C6C62730D066E756C6C62730A0673EDB5A0F7C6B03E0B040000000004010000000673EDB5A0F7C6B03E04000000000400000000100A0600000000000000000A0688776894C5D651
310
40110D06636F656467650CFFFFFFFF04FFFFFFFF0CFFFFFFFF0C980000000C490000000C780000000C990000000B0C4B00000004000000000CFFFFFFFF110D06636F656467650CFFFFFFFF04FFFFFFFF0CFFFFFFFF0C4A0000000C9A0000000C600000000C8B0000000B0C4B00000004000000000CFFFFFFFF110D04656467
310
650C9B00000004FFFFFFFF0CFFFFFFFF0C8D00000006042D4454FB21E9BF0C4D000000062C2D4454FB21E93F0C4A0000000C9C0000000B0707756E6B6E6F776E110D04666163650C9D00000004FFFFFFFF0CFFFFFFFF0CFFFFFFFF0C4B0000000C060000000CFFFFFFFF0C9E0000000A0B110D05706F696E740CFFFFFFFF04
310
FFFFFFFF0CFFFFFFFF13C0085E10124E9240D9931B4B1AE69A400000000000000000110D06636F656467650CFFFFFFFF04FFFFFFFF0CFFFFFFFF0C4F0000000C950000000C730000000C990000000A0C5000000004000000000CFFFFFFFF110E0670746C6973740E036579650D066174747269620CFFFFFFFF04FFFFFFFF0C
310
FFFFFFFF0CFFFFFFFF0C53000000110D067665727465780CFFFFFFFF04FFFFFFFF0CFFFFFFFF0C5400000004020000000C9F000000110E08696E7463757276650D0563757276650CFFFFFFFF04FFFFFFFF0CFFFFFFFF0B0F0D0B696E745F696E745F63757204A451000015000000000D046E75627304030000001500000000
310
0406000000060000000000000000040300000006E4388F8F5FCF3040040200000006E4388F8F5FCF404004020000000656D556570F374940040200000006E4388F8F5FCF50400402000000068F12D9DAC7495240040300000006C0085E1012C6974006D8931B4B1A1E9A4006000000000000000006C0085E1012C6974006A8
310
487B354F299A4006B001BA811B69134006020F660C20C5974006454BA3BCB8349A40063693997061962340062A58D8E92DC19740068929D1EC904B9A4006158E575C49C2334006D8CBAAE42DBE97400608C79890FF569A4006F238C98979C8384006BE13F21D09B69740068AFE6D37796D9A40063886E51AA269414006D692
310
4365E4B097400614FF886C84789A400615DB321CF9EB434006FCA754636FA497400636B21D19CB8D9A400639A531BC34E548400692CF74331F9D974006C6C76AA506989A40063CCDC5F4185C4B40067087E149C991974006D66B08C102A59A4006578ED98C75A24E40066DB0AD65B48E974006A122CDB14FA89A4006AA20A2
310
C0407B4F400604A45EEE7D8B9740060B2F1C2986AB9A40060E4BF61F4229504006E238AE56FD72363F0D04636F6E6513C0085E1012FE9640D8931B4B1A1E9A4000000000000000001400000000000000000000000000000080000000000000F03F14BB6613C07BAD4140BB6613C07BAD414000000000000000000600000000
310
0000F03F0B0B06000000000000000006000000000000F03F0604000000000049400B0B0B0B0B0D04636F6E6513C0085E10126E9540D8931B4B1AF298400000000000000000140000000000000000000000000000F0BF000000000000000014131A1DA039845A400000000000000000131A1DA039845A4006000000000000F0
310
3F0B0B06000000000000000006000000000000F0BF060000000000C062400B0B0B0B0B0D066E756C6C62730D066E756C6C62730A06C6EDB5A0F7C6B03E0A0654DF227DC4247B400400000000040100000006C6EDB5A0F7C6B03E04000000000400000000100A0600000000000000000A068F12D9DAC7495240110E0670746C
310
6973740E036579650D066174747269620CFFFFFFFF04FFFFFFFF0CFFFFFFFF0CFFFFFFFF0C54000000110E07656C6C697073650D0563757276650CFFFFFFFF04FFFFFFFF0CFFFFFFFF13C0085E1012FE9640D8931B4B1A1E9A4000000000000000001400000000000000000000000000000000000000000000F0BF14BB6613
310
C07BAD4140BB6613C07BAD4140000000000000000006000000000000F03F0B0B110E05666D6573680E036579650D066174747269620CFFFFFFFF04FFFFFFFF0CA00000000CFFFFFFFF0C55000000110D04666163650CA100000004FFFFFFFF0CFFFFFFFF0C760000000CA20000000C060000000CFFFFFFFF0CA30000000B0B
310
110E04636F6E650D07737572666163650CFFFFFFFF04FFFFFFFF0CFFFFFFFF13C0085E1012FE9640D8931B4B1A1E9A4000000000000000001400000000000000000000000000000080000000000000F03F14BB6613C07BAD4140BB6613C07BAD4140000000000000000006000000000000F03F0B0B06000000000000000006
310
000000000000F03F0604000000000049400B0B0B0B0B110E09706572737562656E740E1061636164536F6C6964486973746F72790D066174747269620CFFFFFFFF04FFFFFFFF0CFFFFFFFF0C590000000C210000000401000000040D00000004010000000400000000110E067265665F76740E036579650D06617474726962
310
0CFFFFFFFF04FFFFFFFF0CA40000000C5A0000000C380000000CFFFFFFFF0CFFFFFFFF110E05666D6573680E036579650D066174747269620CFFFFFFFF04FFFFFFFF0CA50000000CFFFFFFFF0C5B000000110D046C6F6F700CFFFFFFFF04FFFFFFFF0CFFFFFFFF0CFFFFFFFF0CA60000000C5B000000110E04636F6E650D07
310
737572666163650CFFFFFFFF04FFFFFFFF0CFFFFFFFF13C0085E1012FE9640D8931B4B1A6E954000000000000000001400000000000000000000000000000000000000000000F03F14B76613C07BAD4140B76613C07BAD41C0000000000000000006000000000000F03F0B0B06000000000000000006000000000000F03F06
310
FFFFFFFFFFFF48400B0B0B0B0B110D06636F656467650CFFFFFFFF04FFFFFFFF0CFFFFFFFF0CA70000000C5D0000000CA80000000CA90000000A0C3900000004000000000CFFFFFFFF110D06636F656467650CFFFFFFFF04FFFFFFFF0CFFFFFFFF0C5D0000000C660000000C620000000C8F0000000B0C3900000004000000
310
000CFFFFFFFF110D06636F656467650CFFFFFFFF04FFFFFFFF0CFFFFFFFF0CAA0000000CAB0000000C5D0000000C890000000A0CA200000004000000000CFFFFFFFF110D04656467650CAC00000004FFFFFFFF0CFFFFFFFF0CAD00000006EE64783D23F84D400CAE00000006085592996B6960400C880000000CAF0000000B
310
0707756E6B6E6F776E110D06636F656467650CFFFFFFFF04FFFFFFFF0CFFFFFFFF0C620000000C600000000CAA0000000CB00000000B0C1700000004000000000CFFFFFFFF110D04656467650CB100000004FFFFFFFF0CFFFFFFFF0CB20000000600000000000000000C8D000000060400000000C072400C740000000CB300
310
00000B0707756E6B6E6F776E110E0670746C6973740E036579650D066174747269620CFFFFFFFF04FFFFFFFF0CFFFFFFFF0CFFFFFFFF0C61000000110D067665727465780CFFFFFFFF04FFFFFFFF0CFFFFFFFF0C8B00000004020000000CB4000000110E08696E7463757276650D0563757276650CFFFFFFFF04FFFFFFFF0C
310
FFFFFFFF0B0F0D0B696E745F696E745F63757204A451000015000000000D046E75627304030000001500000000040600000006BACB35472B9276400403000000062A42085AC5F07640040200000006B8350153BBFD77400402000000064529FA4BB10A7940040200000006D21CF344A7177A400402000000066010EC3D9D24
310
7B400403000000067D6D5D32A6C09140060C2F1C2986AB9A4006EC4AF61F422950400614610EBB6FBD914006A222CDB14FA89A40066A20A2C0407B4F4006118ADAD65ABA914006DA6B08C102A59A4006198ED98C75A24E4006EE4147ED04AF914006C8C76AA506989A4006EDCCC5F4185C4B4006866967BDB4A791400638B2
310
1D19CB8D9A400601A531BC34E5484006AC7E78BB3F9B91400616FF886C84789A4006D2DA321CF9EB434006C2FDC9021B9691400690FE6D37796D9A4006AC85E51AA269414006A845113CF68D9140060EC79890FF569A4006EA37C98979C838400658B9E336F68A9140069029D1EC904B9A4006268D575C49C23340067F0256
310
140487914006544BA3BCB8349A4006D48F99706196234006C0085E101286914006AA487B354F299A4006AD01BA811B69134006C0085E101286914006D9931B4B1A1E9A4006000000000000000006E0F6AB56FD72363F0D04636F6E6513C0085E10124E9240D9931B4B1A1E9A40000000000000000014000000000000000000
310
00000000000000000000000000F03F14C26613C07BAD41C0AD6613C07BAD4140000000000000000006000000000000F03F0B0B06000000000000000006000000000000F03F06FFFFFFFFFFFF48400B0B0B0B0B0D04636F6E6513C1085E1012DE9340D8931B4B1A9A9640000000000000000014311BE8B4814EBB3C00000000
310
0000F03F481BE8B4814EBB3C14201A1DA039845AC000000000000000000A1A1DA039845A4006000000000000F03F0B0B06000000000000000006000000000000F0BF060000000000C062400B0B0B0B0B0D066E756C6C62730D066E756C6C62730A0661EDB5A0F7C6B03E0A06E6A0DF3C9D247B400400000000040100000006
310
E6A0DF3C9D247B4004000000000400000000100A06BACB35472B9276400A066010EC3D9D247B40110D04656467650CB500000004FFFFFFFF0CFFFFFFFF0C6900000006182D4454FB21F9BF0CAD000000067D4683591384DCBF0C620000000CB60000000B0707756E6B6E6F776E110D05706F696E740CFFFFFFFF04FFFFFFFF
310
0CFFFFFFFF137D6D5D32A6C091400C2F1C2986AB9A40EC4AF61F42295040110D06636F656467650CFFFFFFFF04FFFFFFFF0CFFFFFFFF0C660000000CA70000000C6B0000000C960000000B0C3900000004000000000CFFFFFFFF110E0670746C6973740E036579650D066174747269620CFFFFFFFF04FFFFFFFF0CFFFFFFFF
310
0CFFFFFFFF0C67000000110E0873747261696768740D0563757276650CFFFFFFFF04FFFFFFFF0CFFFFFFFF13C0085E1012D29540D8931B4B1AFE96400000000000C0624014000000000000F0BF000000000000000000000000000000000A067C6F0C0100807BC00A06BB37860000708240110D05706F696E740CFFFFFFFF04
310
FFFFFFFF0CFFFFFFFF13C1085E1012DE9340D8931B4B1AFE96400000000000C06240110D06636F656467650CFFFFFFFF04FFFFFFFF0CFFFFFFFF0C780000000C6B0000000CB70000000CB80000000B0C5000000004000000000CFFFFFFFF110D04656467650CB900000004FFFFFFFF0CFFFFFFFF0CBA000000069B46835913
310
84DC3F0C6D00000006182D4454FB21F93F0C6B0000000CBB0000000B0707756E6B6E6F776E110D05706F696E740CFFFFFFFF04FFFFFFFF0CFFFFFFFF13C0085E10126E9540D8931B4B1AFE96400000000000C06240110D06636F656467650CFFFFFFFF04FFFFFFFF0CFFFFFFFF0CA80000000C730000000CBC0000000CBD00
310
00000B0C4B00000004000000000CFFFFFFFF110D04656467650CBE00000004FFFFFFFF0CFFFFFFFF0C7A0000000600000000000000000CBF000000060000000000C072400C730000000CC00000000B0707756E6B6E6F776E110D06636F656467650CFFFFFFFF04FFFFFFFF0CFFFFFFFF0C740000000CA80000000CAB000000
310
0CC10000000B0C4B00000004000000000CFFFFFFFF110E0670746C6973740E036579650D066174747269620CFFFFFFFF04FFFFFFFF0CFFFFFFFF0CFFFFFFFF0C75000000110E07656C6C697073650D0563757276650CFFFFFFFF04FFFFFFFF0CFFFFFFFF13C0085E10124E9240D9931B4B1A1E9A4000000000000000001400
310
000000000000000000000000000000000000000000F0BF14C26613C07BAD41C0AD6613C07BAD4140000000000000000006000000000000F03F0B0B110E05666D6573680E036579650D066174747269620CFFFFFFFF04FFFFFFFF0CC20000000CFFFFFFFF0C76000000110E05706C616E650D07737572666163650CFFFFFFFF
310
04FFFFFFFF0CFFFFFFFF13C0085E1012A69440DA931B4B1AC6974000000000000000001400000000000000000000000000000000000000000000F03F14000000000000F03F000000000000000000000000000000000B0B0B0B0B110D05706F696E740CFFFFFFFF04FFFFFFFF0CFFFFFFFF13C0085E1012C69740D8931B4B1A
310
1E9A400000000000000000110E067265665F76740E036579650D066174747269620CFFFFFFFF04FFFFFFFF0CC30000000C7E0000000C550000000CFFFFFFFF0CFFFFFFFF110E05666D6573680E036579650D066174747269620CFFFFFFFF04FFFFFFFF0CC40000000CFFFFFFFF0C7F000000110D046C6F6F700CFFFFFFFF04
310
FFFFFFFF0CFFFFFFFF0CFFFFFFFF0C880000000C7F000000110E04636F6E650D07737572666163650CFFFFFFFF04FFFFFFFF0CFFFFFFFF13C0085E10124E9240D8931B4B1A6E954000000000000000001400000000000000000000000000000000000000000000F03F14B16613C07BAD41C0B16613C07BAD41C00000000000
310
00000006000000000000F03F0B0B06000000000000000006000000000000F03F06F6FFFFFFFFFF48400B0B0B0B0B110E09706572737562656E740E1061636164536F6C6964486973746F72790D066174747269620CFFFFFFFF04FFFFFFFF0CFFFFFFFF0C820000000C380000000401000000040C0000000401000000040000
310
0000110E067265665F76740E036579650D066174747269620CFFFFFFFF04FFFFFFFF0CC50000000C830000000C5B0000000CFFFFFFFF0CFFFFFFFF110D06636F656467650CFFFFFFFF04FFFFFFFF0CFFFFFFFF0CBC0000000CB70000000CA70000000CC60000000A0C8400000004000000000CFFFFFFFF110D06636F656467
310
650CFFFFFFFF04FFFFFFFF0CFFFFFFFF0C910000000C860000000CA60000000CC60000000B0C3900000004000000000CFFFFFFFF110D06636F656467650CFFFFFFFF04FFFFFFFF0CFFFFFFFF0C9A0000000C980000000C860000000CA90000000B0C4B00000004000000000CFFFFFFFF110D04656467650CC700000004FFFF
310
FFFF0CFFFFFFFF0CC80000000600000000000000000CAE000000060000000000C072400CA80000000CC90000000B0707756E6B6E6F776E110D06636F656467650CFFFFFFFF04FFFFFFFF0CFFFFFFFF0CAB0000000C880000000C8A0000000CB00000000A0CA200000004000000000CFFFFFFFF110D06636F656467650CFFFF
310
FFFF04FFFFFFFF0CFFFFFFFF0C880000000CAA0000000C9A0000000CC10000000A0CA200000004000000000CFFFFFFFF110E0670746C6973740E036579650D066174747269620CFFFFFFFF04FFFFFFFF0CFFFFFFFF0CFFFFFFFF0C89000000110D067665727465780CFFFFFFFF04FFFFFFFF0CFFFFFFFF0C89000000040200
310
00000CCA000000110D067665727465780CFFFFFFFF04FFFFFFFF0CFFFFFFFF0CA900000004020000000CCB000000110E08696E7463757276650D0563757276650CFFFFFFFF04FFFFFFFF0CFFFFFFFF0B0F0D0B696E745F696E745F63757204A451000015000000000D046E75627304030000001500000000040900000006EE
310
64783D23F84D40040300000006A6689D949DFE5040040200000006DA288C3D814153400402000000060EE97AE66484554004020000000642A9698F48C75740040200000006766958382C0A5A40040200000006A92947E10F4D5C40040200000006DCE9358AF38F5E40040200000006085592996B6960400403000000067D6D
310
5D32A6C0914006A4F81A6DAEE09440061C4BF61F4229504006AA46DF7CE9C4914006771F99226BDC9440068C6A3DBCE4344F4006A70308E964C99140068BE9D6B052D8944006EA65CA3645104E4006F1A513CC52D391400661E241600DD09440066143B5AD6C964B4006B2867C37D2D89140067077F163EECB944006A0A051
310
9BB23F4A4006EC7D940B34E49140065098452448C49440064858B0FEE787474006C63E247916EA914006D77A6FD5C0C09440069C35E06DD4264640067AB9DA8023F6914006231AE51457BA944006D1798790685E434006E63376164EFC91400624886DA074B79440068DBCC10E10F74140062C1E22E6CE08924006C44B7D7D
310
5BB2944006B8C9F5959E4C3E400625E5D77B250F92400615340FA724B094400655E3194AA4793B40064BD12FC3E11B9240067BA6147963AC9440061492D526D4D7354006AD5ACF71472292400601DA6520D9AA944006DA989DEEFD0833400658B19363042F9240069B7268FE6BA89440067E0E310E86F02A4006078E6CAC5B
310
359240064FF5A53289A7944006B53E2BCBB36C2540068D8736AADE419240064BB9625960A6944006508648A7C5211540066AE1F05B0A48924006D8931B4B1AA69440063580B9DD8CE3044006C0085E10124E924006D8931B4B1AA69440060000000000000000064E3A95DDC253253F0D04636F6E6513C0085E10124E9240D8
310
931B4B1A6E954000000000000000001400000000000000000000000000000000000000000000F03F14B16613C07BAD41C0B16613C07BAD41C0000000000000000006000000000000F03F0B0B06000000000000000006000000000000F03F06F6FFFFFFFFFF48400B0B0B0B0B0D04636F6E6513C0085E1012D29540D8931B4B
310
1AFE9640000000000000000014000000000000F0BF00000000000000000000000000000000140000000000000000131A1DA039845AC0131A1DA039845A4006000000000000F03F0B0B06000000000000000006000000000000F0BF060000000000C062400B0B0B0B0B0D066E756C6C62730D066E756C6C62730B0A06147679
310
976B6960400400000000040100000006147679976B69604004000000000400000000100A06EE64783D23F84D400A06085592996B696040110D04656467650CCC00000004FFFFFFFF0CFFFFFFFF0CB20000000600000000000000000CAD00000006C012D9DAC74952400CAA0000000CCD0000000B0707756E6B6E6F776E110E
310
0670746C6973740E036579650D066174747269620CFFFFFFFF04FFFFFFFF0CFFFFFFFF0CFFFFFFFF0C8B000000110D067665727465780CFFFFFFFF04FFFFFFFF0CFFFFFFFF0C8B00000004020000000CCE000000110E0873747261696768740D0563757276650CFFFFFFFF04FFFFFFFF0CFFFFFFFF13C0085E1012869140D8
310
931B4B1A6E9540000000000000000014491BE8B4814ECB3C000000000000F03F00000000000000000B0B110D05706F696E740CFFFFFFFF04FFFFFFFF0CFFFFFFFF13C1085E1012869140D9931B4B1A1E9A400000000000000000110E0670746C6973740E036579650D066174747269620CFFFFFFFF04FFFFFFFF0CFFFFFFFF
310
0CFFFFFFFF0C8F000000110E07656C6C697073650D0563757276650CFFFFFFFF04FFFFFFFF0CFFFFFFFF13C1085E1012DE9340D8931B4B1AFE9640000000000000000014C83B7F669EA0E63FD13B7F669EA0E6BF00000000000040B9140800000000C062C00100000000C062C0000000000000103D06C73B7F669EA0E63F0A
310
06182D4454FB21F9BF0A06182D4454FB21F93F110D06636F656467650CFFFFFFFF04FFFFFFFF0CFFFFFFFF0CA60000000CBC0000000C950000000CB80000000A0C8400000004000000000CFFFFFFFF110D04656467650CCF00000004FFFFFFFF0CFFFFFFFF0CBA00000006230A7987529276400CBF00000006D04E2F7EC424
310
7B400CB70000000CD00000000B0707756E6B6E6F776E110E0670746C6973740E036579650D066174747269620CFFFFFFFF04FFFFFFFF0CFFFFFFFF0CFFFFFFFF0C96000000110D067665727465780CFFFFFFFF04FFFFFFFF0CFFFFFFFF0CB800000004020000000CD1000000110E07656C6C697073650D0563757276650CFF
310
FFFFFF04FFFFFFFF0CFFFFFFFF13C0085E10126E9540D8931B4B1AFE9640000000000000000014CD3B7F669EA0E6BFCD3B7F669EA0E6BF0000000000000000140000000000C062400000000000C062C0000000000000103D06CE3B7F669EA0E63F0A06182D4454FB21F9BF0A06182D4454FB21F93F110D06636F656467650C
310
FFFFFFFF04FFFFFFFF0CFFFFFFFF0CB70000000CA60000000C980000000CBD0000000A0C8400000004000000000CFFFFFFFF110D04656467650CD200000004FFFFFFFF0CFFFFFFFF0CBF00000006182D4454FB21E9BF0CC800000006182D4454FB21E93F0C980000000CD30000000B0707756E6B6E6F776E110E0670746C69
310
73740E036579650D066174747269620CFFFFFFFF04FFFFFFFF0CFFFFFFFF0CFFFFFFFF0C99000000110D067665727465780CFFFFFFFF04FFFFFFFF0CFFFFFFFF0C9900000004020000000CD4000000110E0873747261696768740D0563757276650CFFFFFFFF04FFFFFFFF0CFFFFFFFF13C0085E1012C69740D8931B4B1A1E
310
9A400000000000000000140000000000000000000000000000F0BF00000000000000000B0B110D04656467650CD500000004FFFFFFFF0CFFFFFFFF0CAE00000006182D4454FB21E9BF0CB200000006182D4454FB21E93F0C9A0000000CD60000000B0707756E6B6E6F776E110E067265665F76740E036579650D0661747472
310
69620CFFFFFFFF04FFFFFFFF0CD70000000C9D0000000C760000000CFFFFFFFF0CFFFFFFFF110E09706572737562656E740E1061636164536F6C6964486973746F72790D066174747269620CFFFFFFFF04FFFFFFFF0CFFFFFFFF0CA00000000C550000000401000000040A00000004060000000400000000110E067265665F
310
76740E036579650D066174747269620CFFFFFFFF04FFFFFFFF0CD80000000CA10000000C7F0000000CFFFFFFFF0CFFFFFFFF110E09706572737562656E740E1061636164536F6C6964486973746F72790D066174747269620CFFFFFFFF04FFFFFFFF0CFFFFFFFF0CA50000000C5B0000000401000000040A00000004040000
310
000400000000110D04656467650CD900000004FFFFFFFF0CFFFFFFFF0CC80000000600000000000000000CBA00000006C0776894C5D651400CA60000000CDA0000000B0707756E6B6E6F776E110E0670746C6973740E036579650D066174747269620CFFFFFFFF04FFFFFFFF0CFFFFFFFF0CFFFFFFFF0CA9000000110D0676
310
65727465780CFFFFFFFF04FFFFFFFF0CFFFFFFFF0CBD00000004020000000CDB000000110E0873747261696768740D0563757276650CFFFFFFFF04FFFFFFFF0CFFFFFFFF13C0085E1012FE9640D8931B4B1AA69440000000000000000014000000000000F0BF000000000000000000000000000000000B0B110D05706F696E
310
740CFFFFFFFF04FFFFFFFF0CFFFFFFFF137D6D5D32A6C09140A4F81A6DAEE094401C4BF61F42295040110D05706F696E740CFFFFFFFF04FFFFFFFF0CFFFFFFFF13C0085E10124E9240D8931B4B1AA694400000000000000000110E0670746C6973740E036579650D066174747269620CFFFFFFFF04FFFFFFFF0CFFFFFFFF0C
310
FFFFFFFF0CB0000000110E08696E7463757276650D0563757276650CFFFFFFFF04FFFFFFFF0CFFFFFFFF0B0F0D0B696E745F696E745F63757204A451000015000000000D046E756273040300000015000000000406000000060000000000000000040300000006E0388F8F5FCF3040040200000006E0388F8F5FCF40400402
310
0000000650D556570F374940040200000006E0388F8F5FCF5040040200000006C012D9DAC7495240040300000006C0085E101286914006D8931B4B1A6E954006000000000000000006C0085E10128691400608DFBB60E562954006AD01BA811B691340067F025614048791400665DC93D97B57954006349199706196234006
310
57B9E336F68A91400625FE65A9A3409540068F8D575C49C2334006A845113CF68D914006A6609E0535359540068238C98979C8384006C2FDC9021B969140062429C95EBB1E954006FC85E51AA269414006AA7E78BB3F9B9140069D28AE29B013954006F8DA321CF9EB434006846967BDB4A79140067B75197D69FE9440061A
310
A531BC34E5484006EE4147ED04AF914006EA5FCCF02DF49440061ACDC5F4185C4B4006118ADAD65ABA914006D9BB2ED531E7944006578ED98C75A24E400614610EBB6FBD9140060E056AE4E4E3944006C620A2C0407B4F40067D6D5D32A6C0914006A4F81A6DAEE09440061C4BF61F4229504006849DAA56FD72363F0D0463
310
6F6E6513C0085E10124E9240D8931B4B1A6E954000000000000000001400000000000000000000000000000000000000000000F03F14B16613C07BAD41C0B16613C07BAD41C0000000000000000006000000000000F03F0B0B06000000000000000006000000000000F03F06F6FFFFFFFFFF48400B0B0B0B0B0D04636F6E65
310
13C1085E1012DE9340D8931B4B1A9A9640000000000000000014311BE8B4814EBB3C000000000000F03F481BE8B4814EBB3C14201A1DA039845AC000000000000000000A1A1DA039845A4006000000000000F03F0B0B06000000000000000006000000000000F0BF060000000000C062400B0B0B0B0B0D066E756C6C62730D
310
066E756C6C62730A06C4EDB5A0F7C6B03E0A0650DF227DC4247B400400000000040100000006C4EDB5A0F7C6B03E04000000000400000000100A0600000000000000000A06C012D9DAC7495240110D05706F696E740CFFFFFFFF04FFFFFFFF0CFFFFFFFF13C0085E1012869140D8931B4B1A6E95400000000000000000110E
310
0670746C6973740E036579650D066174747269620CFFFFFFFF04FFFFFFFF0CFFFFFFFF0CFFFFFFFF0CB8000000110E08696E7463757276650D0563757276650CFFFFFFFF04FFFFFFFF0CFFFFFFFF0B0F0D0B696E745F696E745F63757204A451000015000000000D046E75627304030000001500000000040600000006230A
310
79875292764004030000000696804B9AECF0764004020000000624744493E2FD7740040200000006B3673D8CD80A7940040200000006425B3685CE177A40040200000006D04E2F7EC4247B4004030000000603A45EEE7D8B974006A5F81A6DAEE09440062C4BF61F42295040066CB0AD65B48E9740060F056AE4E4E3944006
310
E620A2C0407B4F40066F87E149C991974006D9BB2ED531E79440066E8ED98C75A24E400692CF74331F9D974006EA5FCCF02DF494400640CDC5F4185C4B4006FCA754636FA49740067A75197D69FE94400640A531BC34E5484006D6924365E4B09740069E28AE29B0139540060BDB321CF9EB434006C013F21D09B697400626
310
29C95EBB1E9540063086E51AA269414006D9CBAAE42DBE974006A9609E053535954006F738C98979C83840062A58D8E92DC197400626FE65A9A340954006798D575C49C2334006020F660C20C597400666DC93D97B57954006829199706196234006C0085E1012C697400608DFBB60E562954006AA01BA811B69134006C008
310
5E1012C6974006D8931B4B1A6E954006000000000000000006FAE8F356FD72363F0D04636F6E6513C0085E1012FE9640D8931B4B1A6E954000000000000000001400000000000000000000000000000000000000000000F03F14B76613C07BAD4140B76613C07BAD41C0000000000000000006000000000000F03F0B0B0600
310
0000000000000006000000000000F03F06FFFFFFFFFFFF48400B0B0B0B0B0D04636F6E6513C0085E10126E9540D8931B4B1AF298400000000000000000140000000000000000000000000000F0BF000000000000000014131A1DA039845A400000000000000000131A1DA039845A4006000000000000F03F0B0B0600000000
310
0000000006000000000000F0BF060000000000C062400B0B0B0B0B0D066E756C6C62730D066E756C6C62730A06C6EDB5A0F7C6B03E0A0656DF227DC4247B40040000000004010000000656DF227DC4247B4004000000000400000000100A06230A7987529276400A06D04E2F7EC4247B40110D05706F696E740CFFFFFFFF04
310
FFFFFFFF0CFFFFFFFF1303A45EEE7D8B9740A5F81A6DAEE094402C4BF61F42295040110E0670746C6973740E036579650D066174747269620CFFFFFFFF04FFFFFFFF0CFFFFFFFF0CFFFFFFFF0CBD000000110E07656C6C697073650D0563757276650CFFFFFFFF04FFFFFFFF0CFFFFFFFF13C0085E1012FE9640D8931B4B1A
310
6E954000000000000000001400000000000000000000000000000000000000000000F0BF14B76613C07BAD4140B76613C07BAD41C0000000000000000006000000000000F03F0B0B110D05706F696E740CFFFFFFFF04FFFFFFFF0CFFFFFFFF13C0085E1012C69740D8931B4B1A6E95400000000000000000110E0670746C69
310
73740E036579650D066174747269620CFFFFFFFF04FFFFFFFF0CFFFFFFFF0CFFFFFFFF0CC1000000110E07656C6C697073650D0563757276650CFFFFFFFF04FFFFFFFF0CFFFFFFFF13C0085E10124E9240D8931B4B1A6E954000000000000000001400000000000000800000000000000000000000000000F0BF14B16613C0
310
7BAD41C0B16613C07BAD41C0000000000000000006000000000000F03F0B0B110E09706572737562656E740E1061636164536F6C6964486973746F72790D066174747269620CFFFFFFFF04FFFFFFFF0CFFFFFFFF0CC20000000C760000000401000000040A0000000400CA9A3B0401000000110E09706572737562656E740E
310
1061636164536F6C6964486973746F72790D066174747269620CFFFFFFFF04FFFFFFFF0CFFFFFFFF0CC40000000C7F0000000401000000040A00000004020000000400000000110E0670746C6973740E036579650D066174747269620CFFFFFFFF04FFFFFFFF0CFFFFFFFF0CFFFFFFFF0CC6000000110E08696E7463757276
310
650D0563757276650CFFFFFFFF04FFFFFFFF0CFFFFFFFF0B0F0D0B696E745F696E745F63757204A451000015000000000D046E756273040300000015000000000409000000060000000000000000040300000006C30176471D172240040200000006C30176471D173240040200000006A40231EBAB223B40040200000006C3
310
0176471D17424004020000000634825399E49C4640040200000006A40231EBAB224B4004020000000615830E3D73A84F40040200000006C0776894C5D65140040300000006C0085E1012FE964006D8931B4B1AA69440060000000000000000061630CBC41904974006D8931B4B1AA69440065E80B9DD8CE3044006F5898576
310
450A9740064CB9625960A6944006568548A7C5211540067F834F74C81697400650F5A53289A79440063B3D2BCBB36C2540062E6028BD1F1D9740069B7268FE6BA89440060E0D310E86F02A4006D6B6ECAEDC2997400601DA6520D9AA94400661989DEEFD0833400635408C5D42309740067AA6147963AC9440062C92D526D4
310
D73540065B2CE4A4FE3C97400614340FA724B094400685E3194AA4793B400654F3993A5543974006C44B7D7D5BB2944006BFC9F5959E4C3E40069CDD450AD64F97400624886DA074B794400696BCC10E10F74140060758E19F0056974006241AE51457BA944006E3798790685E434006BBD297A70D62974006D87A6FD5C0C0
310
9440069735E06DD42646400694932715F0679740064F98452448C49440064C58B0FEE787474006D08A3FE951739740066F77F163EECB944006AAA0519BB23F4A40068F6BA854D17897400661E241600DD09440066B43B5AD6C964B4006DA0DB437BF829740068BE9D6B052D89440060D66CA3645104E4006D6CADCA33A8797
310
4006781F99226BDC944006BA6A3DBCE4344F400603A45EEE7D8B974006A5F81A6DAEE09440062C4BF61F42295040065A0F61DEC253253F0D04636F6E6513C0085E1012FE9640D8931B4B1A6E954000000000000000001400000000000000000000000000000000000000000000F03F14B76613C07BAD4140B76613C07BAD41
310
C0000000000000000006000000000000F03F0B0B06000000000000000006000000000000F03F06FFFFFFFFFFFF48400B0B0B0B0B0D04636F6E6513C0085E1012D29540D8931B4B1AFE9640000000000000000014000000000000F0BF00000000000000000000000000000000140000000000000000131A1DA039845AC0131A
310
1DA039845A4006000000000000F03F0B0B06000000000000000006000000000000F0BF060000000000C062400B0B0B0B0B0D066E756C6C62730D066E756C6C62730A067EEDB5A0F7C6B03E0B04000000000401000000067EEDB5A0F7C6B03E04000000000400000000100A0600000000000000000A06C0776894C5D6514011
310
0D05706F696E740CFFFFFFFF04FFFFFFFF0CFFFFFFFF13C0085E1012FE9640D8931B4B1AA694400000000000000000110E03456E640E026F660E0341534D0D0464617461
  0
ACDSRECORD
 90
        1
  2
AcDbDs::ID
280
    10
320
2EF
  2
ASM_Data
280
    15
 94
    35326
310
41534D2042696E61727946696C65341C57000000000000020000000400000007214F70656E2044657369676E20416C6C69616E63652041434953204275696C646572070E41434953203232332E3030204E540718576564205365702033302031383A35303A3436203230323606000000000000F03F068DEDB5A0F7C6B03E06
310
BBBDD7D9DF7CDB3D0D0961736D6865616465720CFFFFFFFF04FFFFFFFF070D3233322E302E312E3635353335110D04626F64790C0200000004FFFFFFFF0CFFFFFFFF0C030000000CFFFFFFFF0C04000000110E067265665F76740E036579650D066174747269620CFFFFFFFF04FFFFFFFF0CFFFFFFFF0CFFFFFFFF0C010000
310
000CFFFFFFFF0CFFFFFFFF110D046C756D700C0500000004FFFFFFFF0CFFFFFFFF0C060000000C070000000C01000000110D097472616E73666F726D0CFFFFFFFF04FFFFFFFF14000000000000F03F00000000000000000000000000000000140000000000000000000000000000F03F000000000000000014000000000000
310
00000000000000000000000000000000F03F140B45CBEBEE3E9B40584FD9D9C2F59F40000000000000000006000000000000F03F0B0B0B110E067265665F76740E036579650D066174747269620CFFFFFFFF04FFFFFFFF0CFFFFFFFF0CFFFFFFFF0C030000000CFFFFFFFF0CFFFFFFFF110D046C756D700C0800000004FFFF
310
FFFF0CFFFFFFFF0CFFFFFFFF0C090000000C01000000110D057368656C6C0C0A00000004FFFFFFFF0CFFFFFFFF0CFFFFFFFF0CFFFFFFFF0C0B0000000CFFFFFFFF0C03000000110E067265665F76740E036579650D066174747269620CFFFFFFFF04FFFFFFFF0CFFFFFFFF0CFFFFFFFF0C060000000CFFFFFFFF0CFFFFFFFF
310
110D057368656C6C0C0C00000004FFFFFFFF0CFFFFFFFF0CFFFFFFFF0CFFFFFFFF0C0D0000000CFFFFFFFF0C06000000110E067265665F76740E036579650D066174747269620CFFFFFFFF04FFFFFFFF0CFFFFFFFF0CFFFFFFFF0C070000000CFFFFFFFF0CFFFFFFFF110D04666163650C0E00000004FFFFFFFF0CFFFFFFFF
310
0C0F0000000C100000000C070000000CFFFFFFFF0C110000000A0B110E067265665F76740E036579650D066174747269620CFFFFFFFF04FFFFFFFF0CFFFFFFFF0CFFFFFFFF0C090000000CFFFFFFFF0CFFFFFFFF110D04666163650C1200000004FFFFFFFF0CFFFFFFFF0C130000000C140000000C090000000CFFFFFFFF0C
310
150000000B0B110E05666D6573680E036579650D066174747269620CFFFFFFFF04FFFFFFFF0C160000000CFFFFFFFF0C0B000000110D04666163650C1700000004FFFFFFFF0CFFFFFFFF0C180000000C190000000C070000000CFFFFFFFF0C1A0000000A0B110D046C6F6F700CFFFFFFFF04FFFFFFFF0CFFFFFFFF0CFFFFFF
310
FF0C1B0000000C0B000000110E05706C616E650D07737572666163650CFFFFFFFF04FFFFFFFF0CFFFFFFFF13A0B71450217A8D40B278373BA13D9A4020DD434091BD4AC0140000000000000000000000000000F03F00000000000000001400000000000000000000000000000000000000000000F03F0B0B0B0B0B110E0566
310
6D6573680E036579650D066174747269620CFFFFFFFF04FFFFFFFF0C1C0000000CFFFFFFFF0C0D000000110D04666163650C1D00000004FFFFFFFF0CFFFFFFFF0C1E0000000C1F0000000C090000000CFFFFFFFF0C200000000A0B110D046C6F6F700CFFFFFFFF04FFFFFFFF0CFFFFFFFF0CFFFFFFFF0C210000000C0D0000
310
00110E05706C616E650D07737572666163650CFFFFFFFF04FFFFFFFF0CFFFFFFFF13BF085E1012EA914033B8AAF92DE69A408129BBF1226765C014A21D7AC3230276BA000000000000F03F375A48DC3459D0B9140000000000000000375A48DC3459D039000000000000F03F0B0B0B0B0B110E067265665F76740E03657965
310
0D066174747269620CFFFFFFFF04FFFFFFFF0C220000000C0E0000000C0B0000000CFFFFFFFF0CFFFFFFFF110E05666D6573680E036579650D066174747269620CFFFFFFFF04FFFFFFFF0C230000000CFFFFFFFF0C0F000000110D04666163650C2400000004FFFFFFFF0CFFFFFFFF0C250000000C260000000C070000000C
310
FFFFFFFF0C270000000A0B110D046C6F6F700CFFFFFFFF04FFFFFFFF0CFFFFFFFF0CFFFFFFFF0C280000000C0F000000110E05706C616E650D07737572666163650CFFFFFFFF04FFFFFFFF0CFFFFFFFF13A0B71450217A8D40B6F71DB8BA4E9540EE7CAC189BA980C0140000000000000000000000000000F0BF0000000000
310
0000001400000000000000000000000000000000000000000000F0BF0B0B0B0B0B110D06636F656467650CFFFFFFFF04FFFFFFFF0CFFFFFFFF0C290000000C2A0000000C2B0000000C2C0000000A0C1000000004000000000CFFFFFFFF110E067265665F76740E036579650D066174747269620CFFFFFFFF04FFFFFFFF0C2D
310
0000000C120000000C0D0000000CFFFFFFFF0CFFFFFFFF110E05666D6573680E036579650D066174747269620CFFFFFFFF04FFFFFFFF0C2E0000000CFFFFFFFF0C13000000110D04666163650C2F00000004FFFFFFFF0CFFFFFFFF0C300000000C310000000C090000000CFFFFFFFF0C320000000B0B110D046C6F6F700CFF
310
FFFFFF04FFFFFFFF0CFFFFFFFF0CFFFFFFFF0C330000000C13000000110E05706C616E650D07737572666163650CFFFFFFFF04FFFFFFFF0CFFFFFFFF13BF085E1012EA914033B8AAF92DA694408129BBF1226765C014A81D7AC3230276BA000000000000F03F1E068B7CFDB0CAB91400000000000000001E068B7CFDB0CA39
310
000000000000F03F0B0B0B0B0B110D06636F656467650CFFFFFFFF04FFFFFFFF0CFFFFFFFF0C340000000C350000000C360000000C370000000B0C1400000004000000000CFFFFFFFF110E09706572737562656E740E1061636164536F6C6964486973746F72790D066174747269620CFFFFFFFF04FFFFFFFF0CFFFFFFFF0C
310
160000000C0B0000000401000000041200000004020000000400000000110E067265665F76740E036579650D066174747269620CFFFFFFFF04FFFFFFFF0C380000000C170000000C0F0000000CFFFFFFFF0CFFFFFFFF110E05666D6573680E036579650D066174747269620CFFFFFFFF04FFFFFFFF0C390000000CFFFFFFFF
310
0C18000000110D04666163650C3A00000004FFFFFFFF0CFFFFFFFF0C3B0000000C3C0000000C070000000CFFFFFFFF0C3D0000000B0B110D046C6F6F700CFFFFFFFF04FFFFFFFF0CFFFFFFFF0CFFFFFFFF0C3E0000000C18000000110E05706C616E650D07737572666163650CFFFFFFFF04FFFFFFFF0CFFFFFFFF13A0B714
310
50217A8D40B6F71DB8BA4E954020DD434091BD4AC01400000000000000000000000000000000000000000000F03F14000000000000F03F000000000000000000000000000000000B0B0B0B0B110D06636F656467650CFFFFFFFF04FFFFFFFF0CFFFFFFFF0C3F0000000C400000000C410000000C420000000A0C1900000004
310
000000000CFFFFFFFF110D06636F656467650CFFFFFFFF04FFFFFFFF0CFFFFFFFF0C430000000C1B0000000C440000000C450000000A0C1000000004000000000CFFFFFFFF110D06636F656467650CFFFFFFFF04FFFFFFFF0CFFFFFFFF0C1B0000000C430000000C460000000C470000000A0C1000000004000000000CFFFF
310
FFFF110D06636F656467650CFFFFFFFF04FFFFFFFF0CFFFFFFFF0C480000000C490000000C1B0000000C2C0000000B0C3C00000004000000000CFFFFFFFF110D04656467650C4A00000004FFFFFFFF0CFFFFFFFF0C4B000000061EDA0395942062C00C4C000000062ADA0395942062400C2B0000000C4D0000000B0707756E
310
6B6E6F776E110E09706572737562656E740E1061636164536F6C6964486973746F72790D066174747269620CFFFFFFFF04FFFFFFFF0CFFFFFFFF0C1C0000000C0D000000040100000004110000000400CA9A3B0401000000110E067265665F76740E036579650D066174747269620CFFFFFFFF04FFFFFFFF0C4E0000000C1D
310
0000000C130000000CFFFFFFFF0CFFFFFFFF110E05666D6573680E036579650D066174747269620CFFFFFFFF04FFFFFFFF0C4F0000000CFFFFFFFF0C1E000000110D04666163650C5000000004FFFFFFFF0CFFFFFFFF0C510000000C520000000C090000000CFFFFFFFF0C530000000B0B110D046C6F6F700CFFFFFFFF04FF
310
FFFFFF0CFFFFFFFF0CFFFFFFFF0C540000000C1E000000110E05706C616E650D07737572666163650CFFFFFFFF04FFFFFFFF0CFFFFFFFF13C0085E101286914034B8AAF92DE69A4000000000000000001400000000000000000000000000000000000000000000F03F14000000000000F03F00000000000000000000000000
310
0000000B0B0B0B0B110D06636F656467650CFFFFFFFF04FFFFFFFF0CFFFFFFFF0C550000000C560000000C570000000C580000000A0C1F00000004000000000CFFFFFFFF110D06636F656467650CFFFFFFFF04FFFFFFFF0CFFFFFFFF0C590000000C210000000C5A0000000C5B0000000B0C1400000004000000000CFFFFFF
310
FF110D06636F656467650CFFFFFFFF04FFFFFFFF0CFFFFFFFF0C210000000C590000000C5C0000000C5D0000000B0C1400000004000000000CFFFFFFFF110D06636F656467650CFFFFFFFF04FFFFFFFF0CFFFFFFFF0C5E0000000C5F0000000C210000000C370000000A0C3100000004000000000CFFFFFFFF110D04656467
310
650C6000000004FFFFFFFF0CFFFFFFFF0C610000000600000000000000000C620000000600000000000049400C210000000C630000000B0707756E6B6E6F776E110E09706572737562656E740E1061636164536F6C6964486973746F72790D066174747269620CFFFFFFFF04FFFFFFFF0CFFFFFFFF0C230000000C0F000000
310
0401000000041200000004040000000400000000110E067265665F76740E036579650D066174747269620CFFFFFFFF04FFFFFFFF0C640000000C240000000C180000000CFFFFFFFF0CFFFFFFFF110E05666D6573680E036579650D066174747269620CFFFFFFFF04FFFFFFFF0C650000000CFFFFFFFF0C25000000110D0466
310
6163650C6600000004FFFFFFFF0CFFFFFFFF0C670000000C680000000C070000000CFFFFFFFF0C690000000A0B110D046C6F6F700CFFFFFFFF04FFFFFFFF0CFFFFFFFF0CFFFFFFFF0C2B0000000C25000000110E05706C616E650D07737572666163650CFFFFFFFF04FFFFFFFF0CFFFFFFFF13AEEE62674E6A9740729823B9
310
45A89440C8550CBD467875C014000000000000F0BF0000000000000000B6643166F0D8C73C14B6643166F0D8C73C0000000000000000000000000000F03F0B0B0B0B0B110D06636F656467650CFFFFFFFF04FFFFFFFF0CFFFFFFFF0C460000000C6A0000000C480000000C6B0000000A0C2600000004000000000CFFFFFFFF
310
110D06636F656467650CFFFFFFFF04FFFFFFFF0CFFFFFFFF0C6C0000000C280000000C6A0000000C6D0000000B0C1900000004000000000CFFFFFFFF110D06636F656467650CFFFFFFFF04FFFFFFFF0CFFFFFFFF0C280000000C6C0000000C6E0000000C6F0000000A0C1900000004000000000CFFFFFFFF110D06636F6564
310
67650CFFFFFFFF04FFFFFFFF0CFFFFFFFF0C700000000C480000000C280000000C420000000B0C3C00000004000000000CFFFFFFFF110D04656467650C7100000004FFFFFFFF0CFFFFFFFF0C7200000006312C2A4F0C0E78C00C7300000006344899E8DEB557C00C410000000C740000000B0707756E6B6E6F776E110D0663
310
6F656467650CFFFFFFFF04FFFFFFFF0CFFFFFFFF0C2A0000000C290000000C750000000C760000000A0C1000000004000000000CFFFFFFFF110D06636F656467650CFFFFFFFF04FFFFFFFF0CFFFFFFFF0C770000000C780000000C290000000C450000000B0C7900000004000000000CFFFFFFFF110D04656467650C7A0000
310
0004FFFFFFFF0CFFFFFFFF0C7B00000006BC25B17E7BB273C00C4B00000006BC25B17E7B9270C00C440000000C7C0000000B0707756E6B6E6F776E110D06636F656467650CFFFFFFFF04FFFFFFFF0CFFFFFFFF0C7D0000000C3E0000000C2A0000000C470000000B0C2600000004000000000CFFFFFFFF110D04656467650C
310
7E00000004FFFFFFFF0CFFFFFFFF0C4C00000006BE25B17E7B5A81400C7F00000006BE25B17E7BEA82400C2A0000000C800000000B0707756E6B6E6F776E110D06636F656467650CFFFFFFFF04FFFFFFFF0CFFFFFFFF0C410000000C2B0000000C3E0000000C6B0000000B0C3C00000004000000000CFFFFFFFF110D06636F
310
656467650CFFFFFFFF04FFFFFFFF0CFFFFFFFF0C2B0000000C810000000C770000000C820000000A0C3C00000004000000000CFFFFFFFF110E0670746C6973740E036579650D066174747269620CFFFFFFFF04FFFFFFFF0CFFFFFFFF0CFFFFFFFF0C2C000000110D067665727465780CFFFFFFFF04FFFFFFFF0CFFFFFFFF0C
310
8200000004020000000C83000000110D067665727465780CFFFFFFFF04FFFFFFFF0CFFFFFFFF0C6B00000004020000000C84000000110E0873747261696768740D0563757276650CFFFFFFFF04FFFFFFFF0CFFFFFFFF13AEEE62674E6A9740B278373BA13D9A4072D114E5F8CF68C014B6643166F0D8C73C00000000000000
310
00000000000000F03F0B0B110E09706572737562656E740E1061636164536F6C6964486973746F72790D066174747269620CFFFFFFFF04FFFFFFFF0CFFFFFFFF0C2E0000000C13000000040100000004110000000400CA9A3B0402000000110E067265665F76740E036579650D066174747269620CFFFFFFFF04FFFFFFFF0C
310
850000000C2F0000000C1E0000000CFFFFFFFF0CFFFFFFFF110E05666D6573680E036579650D066174747269620CFFFFFFFF04FFFFFFFF0C860000000CFFFFFFFF0C30000000110D04666163650C8700000004FFFFFFFF0CFFFFFFFF0C880000000C890000000C090000000CFFFFFFFF0C8A0000000B0B110D046C6F6F700C
310
FFFFFFFF04FFFFFFFF0CFFFFFFFF0CFFFFFFFF0C8B0000000C30000000110E05706C616E650D07737572666163650CFFFFFFFF04FFFFFFFF0CFFFFFFFF13C0085E10124E924034B8AAF92DE69A408329BBF1226775C01400000000000000000000000000000000000000000000F0BF14000000000000F0BF00000000000000
310
0000000000000000000B0B0B0B0B110D06636F656467650CFFFFFFFF04FFFFFFFF0CFFFFFFFF0C5F0000000C5E0000000C550000000C8C0000000B0C3100000004000000000CFFFFFFFF110D06636F656467650CFFFFFFFF04FFFFFFFF0CFFFFFFFF0C8D0000000C330000000C540000000C8C0000000A0C1F000000040000
310
00000CFFFFFFFF110D06636F656467650CFFFFFFFF04FFFFFFFF0CFFFFFFFF0C330000000C8D0000000C8E0000000C8F0000000A0C1F00000004000000000CFFFFFFFF110D06636F656467650CFFFFFFFF04FFFFFFFF0CFFFFFFFF0C900000000C910000000C330000000C580000000B0C8900000004000000000CFFFFFFFF
310
110D04656467650C9200000004FFFFFFFF0CFFFFFFFF0C930000000600000000000000000C94000000068329BBF1226775400C570000000C950000000B0707756E6B6E6F776E110D06636F656467650CFFFFFFFF04FFFFFFFF0CFFFFFFFF0C350000000C340000000C960000000C970000000B0C1400000004000000000CFF
310
FFFFFF110D06636F656467650CFFFFFFFF04FFFFFFFF0CFFFFFFFF0C910000000C980000000C340000000C5B0000000A0C8900000004000000000CFFFFFFFF110D04656467650C9900000004FFFFFFFF0CFFFFFFFF0C620000000600000000000000000C9A000000068329BBF1226775400C340000000C9B0000000B070775
310
6E6B6E6F776E110D06636F656467650CFFFFFFFF04FFFFFFFF0CFFFFFFFF0C9C0000000C9D0000000C350000000C5D0000000A0C9E00000004000000000CFFFFFFFF110D04656467650C9F00000004FFFFFFFF0CFFFFFFFF0CA00000000600000000000000000C61000000068329BBF1226775400C350000000CA10000000B
310
0707756E6B6E6F776E110D06636F656467650CFFFFFFFF04FFFFFFFF0CFFFFFFFF0C540000000C360000000C9D0000000CA20000000B0C3100000004000000000CFFFFFFFF110D06636F656467650CFFFFFFFF04FFFFFFFF0CFFFFFFFF0C360000000C540000000C910000000CA30000000A0C3100000004000000000CFFFF
310
FFFF110E0670746C6973740E036579650D066174747269620CFFFFFFFF04FFFFFFFF0CFFFFFFFF0CFFFFFFFF0C37000000110D067665727465780CFFFFFFFF04FFFFFFFF0CFFFFFFFF0C3700000004020000000CA4000000110D067665727465780CFFFFFFFF04FFFFFFFF0CFFFFFFFF0C3700000004020000000CA5000000
310
110E0873747261696768740D0563757276650CFFFFFFFF04FFFFFFFF0CFFFFFFFF13C0085E101286914034B8AAF92DE69A40000000000000000014000000000000F03F000000000000000000000000000000000B0B110E09706572737562656E740E1061636164536F6C6964486973746F72790D066174747269620CFFFFFF
310
FF04FFFFFFFF0CFFFFFFFF0C390000000C180000000401000000041200000004030000000400000000110E067265665F76740E036579650D066174747269620CFFFFFFFF04FFFFFFFF0CA60000000C3A0000000C250000000CFFFFFFFF0CFFFFFFFF110E05666D6573680E036579650D066174747269620CFFFFFFFF04FFFF
310
FFFF0CA70000000CFFFFFFFF0C3B000000110D04666163650CA800000004FFFFFFFF0CFFFFFFFF0CA90000000CAA0000000C070000000CFFFFFFFF0CAB0000000A0B110D046C6F6F700CFFFFFFFF04FFFFFFFF0CFFFFFFFF0CFFFFFFFF0C6E0000000C3B000000110E05706C616E650D07737572666163650CFFFFFFFF04FF
310
FFFFFF0CFFFFFFFF13AEEE62674ECE9740729823B945C89740C8550CBD467875C014DE7C4DAF2F584D3A0000000000000000000000000000F03F14000000000000F03F0000000000000000DE7C4DAF2F584DBA0B0B0B0B0B110D06636F656467650CFFFFFFFF04FFFFFFFF0CFFFFFFFF0C3E0000000C7D0000000C3F000000
310
0C6D0000000A0C2600000004000000000CFFFFFFFF110D04656467650CAC00000004FFFFFFFF0CFFFFFFFF0C4C0000000678C25A0A840875C00C720000000680E84BDF9FCE34C00C480000000CAD0000000B0707756E6B6E6F776E110D06636F656467650CFFFFFFFF04FFFFFFFF0CFFFFFFFF0C400000000C3F0000000CAE
310
0000000CAF0000000A0C1900000004000000000CFFFFFFFF110D04656467650CB000000004FFFFFFFF0CFFFFFFFF0C7200000006BE25B17E7B5A81400CB100000006BE25B17E7BEA82400C6A0000000CB20000000B0707756E6B6E6F776E110D06636F656467650CFFFFFFFF04FFFFFFFF0CFFFFFFFF0CB30000000CB40000
310
000C400000000C6F0000000B0C6800000004000000000CFFFFFFFF110D04656467650CB500000004FFFFFFFF0CFFFFFFFF0C7300000006BC25B17E7B9270400CB600000006BC25B17E7BB273400C6E0000000CB70000000B0707756E6B6E6F776E110D06636F656467650CFFFFFFFF04FFFFFFFF0CFFFFFFFF0CB80000000C
310
410000000CB40000000CB90000000A0C3C00000004000000000CFFFFFFFF110E0670746C6973740E036579650D066174747269620CFFFFFFFF04FFFFFFFF0CFFFFFFFF0CFFFFFFFF0C42000000110D067665727465780CFFFFFFFF04FFFFFFFF0CFFFFFFFF0C4200000004020000000CBA000000110D067665727465780CFF
310
FFFFFF04FFFFFFFF0CFFFFFFFF0C6F00000004020000000CBB000000110E0873747261696768740D0563757276650CFFFFFFFF04FFFFFFFF0CFFFFFFFF13AEEE62674E6A9740B6F71DB8BA4E9540D5A73277BE657BC014B6643166F0D8C7BC0000000000000000000000000000F0BF0B0B110D06636F656467650CFFFFFFFF
310
04FFFFFFFF0CFFFFFFFF0CBC0000000CBD0000000C430000000C760000000B0CBE00000004000000000CFFFFFFFF110D04656467650CBF00000004FFFFFFFF0CFFFFFFFF0C7F000000062BDA0395942062C00C7B000000061DDA0395942062400C750000000CC00000000B0707756E6B6E6F776E110D06636F656467650CFF
310
FFFFFF04FFFFFFFF0CFFFFFFFF0CC10000000C440000000C490000000C820000000B0C7900000004000000000CFFFFFFFF110D06636F656467650CFFFFFFFF04FFFFFFFF0CFFFFFFFF0C440000000CC10000000CBC0000000CC20000000B0C7900000004000000000CFFFFFFFF110D046C6F6F700CFFFFFFFF04FFFFFFFF0C
310
FFFFFFFF0CFFFFFFFF0C440000000CC3000000110E0670746C6973740E036579650D066174747269620CFFFFFFFF04FFFFFFFF0CFFFFFFFF0CFFFFFFFF0C45000000110D067665727465780CFFFFFFFF04FFFFFFFF0CFFFFFFFF0C7600000004020000000CC4000000110E0873747261696768740D0563757276650CFFFFFF
310
FF04FFFFFFFF0CFFFFFFFF133FA5B687AF459340B278373BA13D9A40C8550CBD467875C014000000000000F0BF0000000000000000DE7C4DAF2F584D3A0B0B110D06636F656467650CFFFFFFFF04FFFFFFFF0CFFFFFFFF0C6A0000000C460000000CBD0000000CC50000000A0C2600000004000000000CFFFFFFFF110E0670
310
746C6973740E036579650D066174747269620CFFFFFFFF04FFFFFFFF0CFFFFFFFF0CFFFFFFFF0C47000000110D067665727465780CFFFFFFFF04FFFFFFFF0CFFFFFFFF0CC500000004020000000CC6000000110E0873747261696768740D0563757276650CFFFFFFFF04FFFFFFFF0CFFFFFFFF13A0B71450217A8D40B27837
310
3BA13D9A4020DD434091BD4AC014000000000000F03F000000000000000000000000000000000B0B110D06636F656467650CFFFFFFFF04FFFFFFFF0CFFFFFFFF0C490000000CC70000000CC80000000CC90000000A0C3C00000004000000000CFFFFFFFF110D04656467650CCA00000004FFFFFFFF0CFFFFFFFF0C4B000000
310
0600814F086E5576400CCB0000000600000000000079400C770000000CCC0000000B0707756E6B6E6F776E110D05706F696E740CFFFFFFFF04FFFFFFFF0CFFFFFFFF13AEEE62674E6A9740B278373BA13D9A40C8550CBD467875C0110D05706F696E740CFFFFFFFF04FFFFFFFF0CFFFFFFFF13AFEE62674E6A9740B278373B
310
A13D9A4020DD434091BD4AC0110E09706572737562656E740E1061636164536F6C6964486973746F72790D066174747269620CFFFFFFFF04FFFFFFFF0CFFFFFFFF0C4F0000000C1E0000000401000000041100000004010000000400000000110E067265665F76740E036579650D066174747269620CFFFFFFFF04FFFFFFFF
310
0CCD0000000C500000000C300000000CFFFFFFFF0CFFFFFFFF110E05666D6573680E036579650D066174747269620CFFFFFFFF04FFFFFFFF0CCE0000000CFFFFFFFF0C51000000110D04666163650CCF00000004FFFFFFFF0CFFFFFFFF0CD00000000CD10000000C090000000CFFFFFFFF0C530000000B0B110D046C6F6F70
310
0CFFFFFFFF04FFFFFFFF0CFFFFFFFF0CFFFFFFFF0CD20000000C51000000110E05706C616E650D07737572666163650CFFFFFFFF04FFFFFFFF0CFFFFFFFF13C0085E10124E924034B8AAF92DE69A40000000000000000014000000000000F03F00000000000000000000000000000000140000000000000000000000000000
310
0000000000000000F0BF0B0B0B0B0B110D06636F656467650CFFFFFFFF04FFFFFFFF0CFFFFFFFF0CD30000000CD40000000CD50000000CD60000000B0C5200000004000000000CFFFFFFFF110D04656467650CD700000004FFFFFFFF0CFFFFFFFF0CD80000000600000000000000000C930000000600000000000049400C54
310
0000000CD90000000B0707756E6B6E6F776E110D06636F656467650CFFFFFFFF04FFFFFFFF0CFFFFFFFF0C560000000C550000000CDA0000000CDB0000000A0C1F00000004000000000CFFFFFFFF110D06636F656467650CFFFFFFFF04FFFFFFFF0CFFFFFFFF0CDC0000000CDD0000000C560000000C8F0000000B0CD10000
310
0004000000000CFFFFFFFF110D04656467650CDE00000004FFFFFFFF0CFFFFFFFF0C940000000600000000000000000CDF0000000600000000000049400C8E0000000CE00000000B0707756E6B6E6F776E110D06636F656467650CFFFFFFFF04FFFFFFFF0CFFFFFFFF0CE10000000C570000000CDD0000000CE20000000A0C
310
8900000004000000000CFFFFFFFF110D06636F656467650CFFFFFFFF04FFFFFFFF0CFFFFFFFF0C570000000C5A0000000C5F0000000CA30000000B0C8900000004000000000CFFFFFFFF110E0670746C6973740E036579650D066174747269620CFFFFFFFF04FFFFFFFF0CFFFFFFFF0CFFFFFFFF0C58000000110D06766572
310
7465780CFFFFFFFF04FFFFFFFF0CFFFFFFFF0CA300000004020000000CE3000000110D067665727465780CFFFFFFFF04FFFFFFFF0CFFFFFFFF0CE200000004020000000CE4000000110E0873747261696768740D0563757276650CFFFFFFFF04FFFFFFFF0CFFFFFFFF13C0085E10124E924034B8AAF92DA694400000000000
310
0000001400000000000000000000000000000000000000000000F0BF0B0B110D06636F656467650CFFFFFFFF04FFFFFFFF0CFFFFFFFF0CD40000000CD30000000C590000000C970000000A0C5200000004000000000CFFFFFFFF110D04656467650CE500000004FFFFFFFF0CFFFFFFFF0C9A0000000600000000000000000C
310
A00000000600000000000049400C590000000CE60000000B0707756E6B6E6F776E110D06636F656467650CFFFFFFFF04FFFFFFFF0CFFFFFFFF0C5A0000000CD20000000CD40000000CE70000000A0C8900000004000000000CFFFFFFFF110E0670746C6973740E036579650D066174747269620CFFFFFFFF04FFFFFFFF0CFF
310
FFFFFF0CFFFFFFFF0C5B000000110D067665727465780CFFFFFFFF04FFFFFFFF0CFFFFFFFF0C5B00000004020000000CE8000000110E0873747261696768740D0563757276650CFFFFFFFF04FFFFFFFF0CFFFFFFFF13C0085E10124E924034B8AAF92DE69A4000000000000000001400000000000000000000000000000000
310
000000000000F0BF0B0B110D06636F656467650CFFFFFFFF04FFFFFFFF0CFFFFFFFF0CE90000000C5C0000000CD30000000CEA0000000B0C9E00000004000000000CFFFFFFFF110D06636F656467650CFFFFFFFF04FFFFFFFF0CFFFFFFFF0C5C0000000CDA0000000C5E0000000CA20000000A0C9E00000004000000000CFF
310
FFFFFF110D046C6F6F700CFFFFFFFF04FFFFFFFF0CFFFFFFFF0CFFFFFFFF0CE90000000CD0000000110E0670746C6973740E036579650D066174747269620CFFFFFFFF04FFFFFFFF0CFFFFFFFF0CFFFFFFFF0C5D000000110D067665727465780CFFFFFFFF04FFFFFFFF0CFFFFFFFF0C9700000004020000000CEB00000011
310
0E0873747261696768740D0563757276650CFFFFFFFF04FFFFFFFF0CFFFFFFFF13C0085E101286914034B8AAF92DE69A408329BBF1226775C01400000000000000000000000000000000000000000000F03F0B0B110D04656467650CEC00000004FFFFFFFF0CFFFFFFFF0C610000000600000000000000000CD80000000604
310
000000000079400C5E0000000CED0000000B0707756E6B6E6F776E110D04656467650CEE00000004FFFFFFFF0CFFFFFFFF0C620000000600000000000000000C930000000604000000000079400C910000000CEF0000000B0707756E6B6E6F776E110D05706F696E740CFFFFFFFF04FFFFFFFF0CFFFFFFFF13C0085E101286
310
914034B8AAF92DE69A400000000000000000110D05706F696E740CFFFFFFFF04FFFFFFFF0CFFFFFFFF13C0085E10124E924034B8AAF92DE69A400000000000000000110E09706572737562656E740E1061636164536F6C6964486973746F72790D066174747269620CFFFFFFFF04FFFFFFFF0CFFFFFFFF0C650000000C2500
310
00000401000000040F00000004040000000401000000110E067265665F76740E036579650D066174747269620CFFFFFFFF04FFFFFFFF0CF00000000C660000000C3B0000000CFFFFFFFF0CFFFFFFFF110E05666D6573680E036579650D066174747269620CFFFFFFFF04FFFFFFFF0CF10000000CFFFFFFFF0C67000000110D
310
04666163650CF200000004FFFFFFFF0CFFFFFFFF0CF30000000CF40000000C070000000CFFFFFFFF0CF50000000A0B110D046C6F6F700CFFFFFFFF04FFFFFFFF0CFFFFFFFF0CFFFFFFFF0CF60000000C67000000110E05706C616E650D07737572666163650CFFFFFFFF04FFFFFFFF0CFFFFFFFF13A018017D18038C4016A2
310
4D3D9CE19640B0206E4AB7E26640140000000000000000000000000000F0BF00000000000000001400000000000000000000000000000000000000000000F0BF0B0B0B0B0B110E0670746C6973740E036579650D066174747269620CFFFFFFFF04FFFFFFFF0CFFFFFFFF0CFFFFFFFF0C6B000000110E087374726169676874
310
0D0563757276650CFFFFFFFF04FFFFFFFF0CFFFFFFFF13AFEE62674E6A974014C8A03880FB944020DD434091BD4AC0140000000000000000000000000000F0BF00000000000000000B0B110D06636F656467650CFFFFFFFF04FFFFFFFF0CFFFFFFFF0CBD0000000CF70000000C6C0000000CAF0000000B0CBE000000040000
310
00000CFFFFFFFF110D04656467650CF800000004FFFFFFFF0CFFFFFFFF0CB600000006384899E8DEB557400CB100000006322C2A4F0C0E78400CAE0000000CF90000000B0707756E6B6E6F776E110E0670746C6973740E036579650D066174747269620CFFFFFFFF04FFFFFFFF0CFFFFFFFF0CFFFFFFFF0C6D000000110D06
310
7665727465780CFFFFFFFF04FFFFFFFF0CFFFFFFFF0CAF00000004020000000CFA000000110E0873747261696768740D0563757276650CFFFFFFFF04FFFFFFFF0CFFFFFFFF13A0B71450217A8D40B6F71DB8BA4E954020DD434091BD4AC014000000000000F03F000000000000000000000000000000000B0B110D06636F65
310
6467650CFFFFFFFF04FFFFFFFF0CFFFFFFFF0CFB0000000C6E0000000CF70000000CFC0000000B0C6800000004000000000CFFFFFFFF110D06636F656467650CFFFFFFFF04FFFFFFFF0CFFFFFFFF0C6E0000000CFB0000000C700000000CB90000000B0C6800000004000000000CFFFFFFFF110E0670746C6973740E036579
310
650D066174747269620CFFFFFFFF04FFFFFFFF0CFFFFFFFF0CFFFFFFFF0C6F000000110D067665727465780CFFFFFFFF04FFFFFFFF0CFFFFFFFF0CFC00000004020000000CFD000000110E0873747261696768740D0563757276650CFFFFFFFF04FFFFFFFF0CFFFFFFFF133FA5B687AF459340B6F71DB8BA4E9540C8550CBD
310
467875C014000000000000F03F0000000000000000DE7C4DAF2F584DBA0B0B110D06636F656467650CFFFFFFFF04FFFFFFFF0CFFFFFFFF0CC70000000C700000000CFE0000000CFF0000000B0C3C00000004000000000CFFFFFFFF110D04656467650C0001000004FFFFFFFF0CFFFFFFFF0C01010000060000000000000000
310
0C730000000680E84BDF9FCE44400CB40000000CCC0000000B0707756E6B6E6F776E110D05706F696E740CFFFFFFFF04FFFFFFFF0CFFFFFFFF13AFEE62674E6A9740B6F71DB8BA4E954020DD434091BD4AC0110D05706F696E740CFFFFFFFF04FFFFFFFF0CFFFFFFFF13AEEE62674E6A9740B6F71DB8BA4E9540C8550CBD46
310
7875C0110D06636F656467650CFFFFFFFF04FFFFFFFF0CFFFFFFFF0C020100000C750000000C780000000CC20000000A0CBE00000004000000000CFFFFFFFF110D06636F656467650CFFFFFFFF04FFFFFFFF0CFFFFFFFF0C750000000CAE0000000C7D0000000CC50000000B0CBE00000004000000000CFFFFFFFF110D046C
310
6F6F700CFFFFFFFF04FFFFFFFF0CFFFFFFFF0CFFFFFFFF0C750000000C03010000110E0670746C6973740E036579650D066174747269620CFFFFFFFF04FFFFFFFF0CFFFFFFFF0CFFFFFFFF0C76000000110E0873747261696768740D0563757276650CFFFFFFFF04FFFFFFFF0CFFFFFFFF13AEEE62674E329840B278373BA1
310
3D9A4073D114E5F8CF68C014B6643166F0D8C7BC0000000000000000000000000000F0BF0B0B110D06636F656467650CFFFFFFFF04FFFFFFFF0CFFFFFFFF0C780000000C770000000C040100000C050100000B0C7900000004000000000CFFFFFFFF110D04656467650C0601000004FFFFFFFF0CFFFFFFFF0C070100000600
310
000000000000000C7B0000000600F883BD8F5445400C780000000C080100000B0707756E6B6E6F776E110D04666163650C0901000004FFFFFFFF0CFFFFFFFF0CFFFFFFFF0C790000000C070000000CFFFFFFFF0C690000000A0B110D05706F696E740CFFFFFFFF04FFFFFFFF0CFFFFFFFF13AEEE62674E329840B278373BA1
310
3D9A40C8550CBD467875C0110D04656467650C0A01000004FFFFFFFF0CFFFFFFFF0CB100000006F08216042C6666C00C7F00000006F084B514081161400CBD0000000C0B0100000B0707756E6B6E6F776E110D05706F696E740CFFFFFFFF04FFFFFFFF0CFFFFFFFF13AFEE62674E329840B278373BA13D9A4020DD434091BD
310
4AC0110D06636F656467650CFFFFFFFF04FFFFFFFF0CFFFFFFFF0C810000000CB80000000C0C0100000C0D0100000B0C3C00000004000000000CFFFFFFFF110D06636F656467650CFFFFFFFF04FFFFFFFF0CFFFFFFFF0C0E0100000C040100000C810000000CC90000000B0C0F01000004000000000CFFFFFFFF110D046564
310
67650C1001000004FFFFFFFF0CFFFFFFFF0CCB0000000600000000000000000C1101000006C8550CBD467875400CC80000000C120100000B0707756E6B6E6F776E110E0670746C6973740E036579650D066174747269620CFFFFFFFF04FFFFFFFF0CFFFFFFFF0CFFFFFFFF0C82000000110D067665727465780CFFFFFFFF04
310
FFFFFFFF0CFFFFFFFF0C8200000004020000000C13010000110E0873747261696768740D0563757276650CFFFFFFFF04FFFFFFFF0CFFFFFFFF13AEEE62674E6A9740729823B945A89440C8550CBD467875C0140000000000000000000000000000F03F00000000000000000B0B110E09706572737562656E740E1061636164
310
536F6C6964486973746F72790D066174747269620CFFFFFFFF04FFFFFFFF0CFFFFFFFF0C860000000C300000000401000000041100000004030000000400000000110E067265665F76740E036579650D066174747269620CFFFFFFFF04FFFFFFFF0C140100000C870000000C510000000CFFFFFFFF0CFFFFFFFF110E05666D
310
6573680E036579650D066174747269620CFFFFFFFF04FFFFFFFF0C150100000CFFFFFFFF0C88000000110D04666163650C1601000004FFFFFFFF0CFFFFFFFF0C170100000C9E0000000C090000000CFFFFFFFF0C180100000B0B110D046C6F6F700CFFFFFFFF04FFFFFFFF0CFFFFFFFF0CFFFFFFFF0C190100000C88000000
310
110D06636F656467650CFFFFFFFF04FFFFFFFF0CFFFFFFFF0C980000000C1A0100000C1B0100000C1C0100000B0C8900000004000000000CFFFFFFFF110D06636F656467650CFFFFFFFF04FFFFFFFF0CFFFFFFFF0C960000000C8B0000000C9C0000000CEA0000000A0C5200000004000000000CFFFFFFFF110D06636F6564
310
67650CFFFFFFFF04FFFFFFFF0CFFFFFFFF0C8B0000000C960000000C980000000CE70000000B0C5200000004000000000CFFFFFFFF110D06636F656467650CFFFFFFFF04FFFFFFFF0CFFFFFFFF0C1B0100000C1D0100000C8B0000000CD60000000A0C1E01000004000000000CFFFFFFFF110D04656467650C1F01000004FF
310
FFFFFF0CFFFFFFFF0C200100000680679D420B885CC00C210100000680679D420B0850C00C8B0000000C220100000B0707756E6B6E6F776E110E0670746C6973740E036579650D066174747269620CFFFFFFFF04FFFFFFFF0CFFFFFFFF0CFFFFFFFF0C8C000000110D067665727465780CFFFFFFFF04FFFFFFFF0CFFFFFFFF
310
0CA200000004020000000C23010000110E0873747261696768740D0563757276650CFFFFFFFF04FFFFFFFF0CFFFFFFFF13C0085E101286914034B8AAF92DA69440000000000000000014000000000000F03F000000000000000000000000000000000B0B110D06636F656467650CFFFFFFFF04FFFFFFFF0CFFFFFFFF0C9D00
310
00000C240100000C8D0000000CDB0000000B0C9E00000004000000000CFFFFFFFF110D04656467650C2501000004FFFFFFFF0CFFFFFFFF0CDF0000000600000000000000000CD8000000068329BBF1226775400CDA0000000C260100000B0707756E6B6E6F776E110D06636F656467650CFFFFFFFF04FFFFFFFF0CFFFFFFFF
310
0C190100000C8E0000000C240100000C270100000A0CD100000004000000000CFFFFFFFF110D06636F656467650CFFFFFFFF04FFFFFFFF0CFFFFFFFF0C8E0000000C190100000C900000000CE20000000B0CD100000004000000000CFFFFFFFF110E0670746C6973740E036579650D066174747269620CFFFFFFFF04FFFFFF
310
FF0CFFFFFFFF0CFFFFFFFF0C8F000000110D067665727465780CFFFFFFFF04FFFFFFFF0CFFFFFFFF0C2701000004020000000C28010000110E0873747261696768740D0563757276650CFFFFFFFF04FFFFFFFF0CFFFFFFFF13C0085E10124E924034B8AAF92DA694408329BBF1226775C014000000000000F0BF0000000000
310
00000000000000000000000B0B110D06636F656467650CFFFFFFFF04FFFFFFFF0CFFFFFFFF0C1A0100000C900000000C290100000C2A0100000B0C8900000004000000000CFFFFFFFF110D04656467650C2B01000004FFFFFFFF0CFFFFFFFF0C2C01000006F8013306CD5D76400C940000000604000000000079400CDD0000
310
000C2D0100000B0707756E6B6E6F776E110D05706F696E740CFFFFFFFF04FFFFFFFF0CFFFFFFFF13C0085E10124E924033B8AAF92DA694400000000000000000110D05706F696E740CFFFFFFFF04FFFFFFFF0CFFFFFFFF13C0085E10124E924033B8AAF92DA694408329BBF1226775C0110E0670746C6973740E036579650D
310
066174747269620CFFFFFFFF04FFFFFFFF0CFFFFFFFF0CFFFFFFFF0C97000000110E0873747261696768740D0563757276650CFFFFFFFF04FFFFFFFF0CFFFFFFFF13C0085E10124E924034B8AAF92DE69A408329BBF1226775C014000000000000F0BF000000000000000000000000000000000B0B110D04656467650C2E01
310
000004FFFFFFFF0CFFFFFFFF0C9A0000000600000000000000000C200100000640F067CE971145400CD40000000C2D0100000B0707756E6B6E6F776E110D05706F696E740CFFFFFFFF04FFFFFFFF0CFFFFFFFF13C0085E10124E924034B8AAF92DE69A408329BBF1226775C0110D06636F656467650CFFFFFFFF04FFFFFFFF
310
0CFFFFFFFF0C2F0100000C9C0000000C1D0100000C300100000B0C9E00000004000000000CFFFFFFFF110D04656467650C3101000004FFFFFFFF0CFFFFFFFF0CA00000000600000000000000000C210100000640F067CE971145400C9C0000000C320100000B0707756E6B6E6F776E110D05706F696E740CFFFFFFFF04FFFF
310
FFFF0CFFFFFFFF13C0085E101286914034B8AAF92DE69A408329BBF1226775C0110E0670746C6973740E036579650D066174747269620CFFFFFFFF04FFFFFFFF0CFFFFFFFF0CFFFFFFFF0CA2000000110E0873747261696768740D0563757276650CFFFFFFFF04FFFFFFFF0CFFFFFFFF13C0085E101286914034B8AAF92DE6
310
9A400000000000000000140000000000000000000000000000F0BF00000000000000000B0B110E0670746C6973740E036579650D066174747269620CFFFFFFFF04FFFFFFFF0CFFFFFFFF0CFFFFFFFF0CA3000000110E0873747261696768740D0563757276650CFFFFFFFF04FFFFFFFF0CFFFFFFFF13C0085E10124E924034
310
B8AAF92DE69A400000000000000000140000000000000000000000000000F0BF00000000000000000B0B110E09706572737562656E740E1061636164536F6C6964486973746F72790D066174747269620CFFFFFFFF04FFFFFFFF0CFFFFFFFF0CA70000000C3B0000000401000000040F0000000400CA9A3B0401000000110E
310
067265665F76740E036579650D066174747269620CFFFFFFFF04FFFFFFFF0C330100000CA80000000C670000000CFFFFFFFF0CFFFFFFFF110E05666D6573680E036579650D066174747269620CFFFFFFFF04FFFFFFFF0C340100000CFFFFFFFF0CA9000000110D04666163650C3501000004FFFFFFFF0CFFFFFFFF0C360100
310
000C370100000C070000000CFFFFFFFF0C380100000A0B110D046C6F6F700CFFFFFFFF04FFFFFFFF0CFFFFFFFF0CFFFFFFFF0C390100000CA9000000110E05706C616E650D07737572666163650CFFFFFFFF04FFFFFFFF0CFFFFFFFF13A018017D18038C4016A24D3D9CE19640F4D1305AAB51834014000000000000000000
310
00000000000000000000000000F03F14000000000000F03F000000000000000000000000000000000B0B0B0B0B110D06636F656467650CFFFFFFFF04FFFFFFFF0CFFFFFFFF0C3A0100000C3B0100000C3C0100000C3D0100000A0CAA00000004000000000CFFFFFFFF110D06636F656467650CFFFFFFFF04FFFFFFFF0CFFFF
310
FFFF0CAE0000000C3E0100000CB30000000CFC0000000A0CBE00000004000000000CFFFFFFFF110E0670746C6973740E036579650D066174747269620CFFFFFFFF04FFFFFFFF0CFFFFFFFF0CFFFFFFFF0CAF000000110E0873747261696768740D0563757276650CFFFFFFFF04FFFFFFFF0CFFFFFFFF13AEEE62674E329840
310
B6F71DB8BA4E9540D6A73277BE657BC014B6643166F0D8C73C0000000000000000000000000000F03F0B0B110D05706F696E740CFFFFFFFF04FFFFFFFF0CFFFFFFFF13AFEE62674E329840B6F71DB8BA4E954020DD434091BD4AC0110D06636F656467650CFFFFFFFF04FFFFFFFF0CFFFFFFFF0CB40000000CB30000000C3F
310
0100000C400100000B0C6800000004000000000CFFFFFFFF110D04656467650C4101000004FFFFFFFF0CFFFFFFFF0CB600000006F08216042C6676400C420100000600000000000079400CB30000000C080100000B0707756E6B6E6F776E110D05706F696E740CFFFFFFFF04FFFFFFFF0CFFFFFFFF13AEEE62674E329840B6
310
F71DB8BA4E9540C8550CBD467875C0110D06636F656467650CFFFFFFFF04FFFFFFFF0CFFFFFFFF0C3F0100000C430100000CB80000000CFF0000000A0C4401000004000000000CFFFFFFFF110D04656467650C4501000004FFFFFFFF0CFFFFFFFF0C010100000600000000000000000C4601000006C8550CBD467875400CB8
310
0000000C470100000B0707756E6B6E6F776E110E0670746C6973740E036579650D066174747269620CFFFFFFFF04FFFFFFFF0CFFFFFFFF0CFFFFFFFF0CB9000000110D067665727465780CFFFFFFFF04FFFFFFFF0CFFFFFFFF0C4001000004020000000C48010000110D06636F656467650CFFFFFFFF04FFFFFFFF0CFFFFFF
310
FF0C490100000CBC0000000C4A0100000C4B0100000B0CBE00000004000000000CFFFFFFFF110D04666163650C4C01000004FFFFFFFF0CFFFFFFFF0C4D0100000CBE0000000C070000000CFFFFFFFF0C4E0100000B0B110D06636F656467650CFFFFFFFF04FFFFFFFF0CFFFFFFFF0CC80000000C4A0100000CC10000000C05
310
0100000A0C0F01000004000000000CFFFFFFFF110D04656467650C4F01000004FFFFFFFF0CFFFFFFFF0CCB0000000600000000000000000C070100000600000000000049400CC10000000C500100000B0707756E6B6E6F776E110E0670746C6973740E036579650D066174747269620CFFFFFFFF04FFFFFFFF0CFFFFFFFF0C
310
FFFFFFFF0CC2000000110D067665727465780CFFFFFFFF04FFFFFFFF0CFFFFFFFF0C0501000004020000000C51010000110E0873747261696768740D0563757276650CFFFFFFFF04FFFFFFFF0CFFFFFFFF13AEEE62674E329840729823B945E89A40C8550CBD467875C0140000000000000000000000000000F0BF00000000
310
000000000B0B110E05666D6573680E036579650D066174747269620CFFFFFFFF04FFFFFFFF0C520100000CFFFFFFFF0CC3000000110E0670746C6973740E036579650D066174747269620CFFFFFFFF04FFFFFFFF0CFFFFFFFF0CFFFFFFFF0CC5000000110E0873747261696768740D0563757276650CFFFFFFFF04FFFFFFFF
310
0CFFFFFFFF13AFEE62674E32984014C8A038801B984020DD434091BD4AC0140000000000000000000000000000F03F00000000000000000B0B110D06636F656467650CFFFFFFFF04FFFFFFFF0CFFFFFFFF0C530100000C540100000CC70000000C0D0100000A0C5501000004000000000CFFFFFFFF110D04656467650C5601
310
000004FFFFFFFF0CFFFFFFFF0C460100000600000000000000000C110100000600000000000079400CC70000000C570100000B0707756E6B6E6F776E110D06636F656467650CFFFFFFFF04FFFFFFFF0CFFFFFFFF0C580100000CC80000000C540100000C590100000B0C0F01000004000000000CFFFFFFFF110D046C6F6F70
310
0CFFFFFFFF04FFFFFFFF0CFFFFFFFF0CFFFFFFFF0C4A0100000C5A010000110E0670746C6973740E036579650D066174747269620CFFFFFFFF04FFFFFFFF0CFFFFFFFF0CFFFFFFFF0CC9000000110D067665727465780CFFFFFFFF04FFFFFFFF0CFFFFFFFF0CC900000004020000000C5B010000110E087374726169676874
310
0D0563757276650CFFFFFFFF04FFFFFFFF0CFFFFFFFF13AEEE62674E6A9740729823B945E89A40C8550CBD467875C014B6643166F0D8C73C0000000000000000000000000000F03F0B0B110D05706F696E740CFFFFFFFF04FFFFFFFF0CFFFFFFFF13AEEE62674E6A9740729823B945E89A40C8550CBD467875C0110E097065
310
72737562656E740E1061636164536F6C6964486973746F72790D066174747269620CFFFFFFFF04FFFFFFFF0CFFFFFFFF0CCE0000000C510000000401000000041100000004040000000400000000110E067265665F76740E036579650D066174747269620CFFFFFFFF04FFFFFFFF0C5C0100000CCF0000000C880000000CFF
310
FFFFFF0CFFFFFFFF110E05666D6573680E036579650D066174747269620CFFFFFFFF04FFFFFFFF0C5D0100000CFFFFFFFF0CD0000000110D04666163650C5E01000004FFFFFFFF0CFFFFFFFF0C5F0100000C1E0100000C090000000CFFFFFFFF0C110000000A0B110E05706C616E650D07737572666163650CFFFFFFFF04FF
310
FFFFFF0CFFFFFFFF13C0085E101286914034B8AAF92DE69A408329BBF1226775C014000000000000F0BF000000000000000000000000000000001400000000000000000000000000000000000000000000F03F0B0B0B0B0B110D06636F656467650CFFFFFFFF04FFFFFFFF0CFFFFFFFF0CDD0000000CDC0000000C60010000
310
0C610100000B0CD100000004000000000CFFFFFFFF110D06636F656467650CFFFFFFFF04FFFFFFFF0CFFFFFFFF0CD20000000CE10000000C620100000C630100000B0C8900000004000000000CFFFFFFFF110D06636F656467650CFFFFFFFF04FFFFFFFF0CFFFFFFFF0C640100000CD50000000CD20000000C1C0100000A0C
310
1E01000004000000000CFFFFFFFF110D04656467650C6501000004FFFFFFFF0CFFFFFFFF0C660100000620DD434091BD3A400C2001000006B1EBB6DD49BB73400CD20000000C670100000B0707756E6B6E6F776E110D06636F656467650CFFFFFFFF04FFFFFFFF0CFFFFFFFF0CD50000000C640100000CE90000000C300100
310
000A0C1E01000004000000000CFFFFFFFF110D046C6F6F700CFFFFFFFF04FFFFFFFF0CFFFFFFFF0CFFFFFFFF0C1D0100000C17010000110E0670746C6973740E036579650D066174747269620CFFFFFFFF04FFFFFFFF0CFFFFFFFF0CFFFFFFFF0CD6000000110D067665727465780CFFFFFFFF04FFFFFFFF0CFFFFFFFF0C1C
310
01000004020000000C68010000110D067665727465780CFFFFFFFF04FFFFFFFF0CFFFFFFFF0CD600000004020000000C69010000110E0873747261696768740D0563757276650CFFFFFFFF04FFFFFFFF0CFFFFFFFF134832345C91859040B278373BA13D9A408329BBF1226775C014000000000000F0BF0000000000000000
310
00000000000000000B0B110D05706F696E740CFFFFFFFF04FFFFFFFF0CFFFFFFFF13C0085E101286914033B8AAF92DA694400000000000000000110D06636F656467650CFFFFFFFF04FFFFFFFF0CFFFFFFFF0CDA0000000C6A0100000CDC0000000C270100000B0C9E00000004000000000CFFFFFFFF110E0670746C697374
310
0E036579650D066174747269620CFFFFFFFF04FFFFFFFF0CFFFFFFFF0CFFFFFFFF0CDB000000110E0873747261696768740D0563757276650CFFFFFFFF04FFFFFFFF0CFFFFFFFF13C0085E101286914034B8AAF92DA694408329BBF1226775C01400000000000000000000000000000000000000000000F03F0B0B110D0465
310
6467650C6B01000004FFFFFFFF0CFFFFFFFF0C6C01000006F8013306CD5D76400CDF0000000604000000000079400C240100000C320100000B0707756E6B6E6F776E110D05706F696E740CFFFFFFFF04FFFFFFFF0CFFFFFFFF13C0085E101286914033B8AAF92DA694408329BBF1226775C0110D06636F656467650CFFFFFF
310
FF04FFFFFFFF0CFFFFFFFF0C600100000C6D0100000CE10000000C2A0100000A0C6E01000004000000000CFFFFFFFF110D04656467650C6F01000004FFFFFFFF0CFFFFFFFF0C2C0100000654B23A641FF652C00C7001000006940248E1D1A36A400CE10000000C710100000B0707756E6B6E6F776E110E0670746C6973740E
310
036579650D066174747269620CFFFFFFFF04FFFFFFFF0CFFFFFFFF0CFFFFFFFF0CE2000000110D067665727465780CFFFFFFFF04FFFFFFFF0CFFFFFFFF0CE200000004020000000C72010000110E0873747261696768740D0563757276650CFFFFFFFF04FFFFFFFF0CFFFFFFFF13C0085E10124E924034B8AAF92DE69A4083
310
29BBF1226775C0140000000000000000000000000000F0BF00000000000000000B0B110E0670746C6973740E036579650D066174747269620CFFFFFFFF04FFFFFFFF0CFFFFFFFF0CFFFFFFFF0CE7000000110D06636F656467650CFFFFFFFF04FFFFFFFF0CFFFFFFFF0C6A0100000CE90000000C730100000C740100000B0C
310
9E00000004000000000CFFFFFFFF110D04656467650C7501000004FFFFFFFF0CFFFFFFFF0C2101000006DFADB2C9700F62C00C7601000006DFADB2C9700F62400CE90000000C770100000B0707756E6B6E6F776E110E0670746C6973740E036579650D066174747269620CFFFFFFFF04FFFFFFFF0CFFFFFFFF0CFFFFFFFF0C
310
EA000000110E0873747261696768740D0563757276650CFFFFFFFF04FFFFFFFF0CFFFFFFFF13C0085E101286914034B8AAF92DE69A408329BBF1226775C0140000000000000000000000000000F0BF00000000000000000B0B110E09706572737562656E740E1061636164536F6C6964486973746F72790D06617474726962
310
0CFFFFFFFF04FFFFFFFF0CFFFFFFFF0CF10000000C670000000401000000041000000004040000000400000000110E067265665F76740E036579650D066174747269620CFFFFFFFF04FFFFFFFF0C780100000CF20000000CA90000000CFFFFFFFF0CFFFFFFFF110E05666D6573680E036579650D066174747269620CFFFFFF
310
FF04FFFFFFFF0C790100000CFFFFFFFF0CF3000000110D04666163650C7A01000004FFFFFFFF0CFFFFFFFF0C7B0100000C7C0100000C070000000CFFFFFFFF0C7D0100000A0B110D046C6F6F700CFFFFFFFF04FFFFFFFF0CFFFFFFFF0CFFFFFFFF0C7E0100000CF3000000110E05706C616E650D07737572666163650CFFFF
310
FFFF04FFFFFFFF0CFFFFFFFF13A018017D18038C409A85E95898AA9840F4D1305AAB518340140000000000000000000000000000F03F00000000000000001400000000000000000000000000000000000000000000F03F0B0B0B0B0B110D06636F656467650CFFFFFFFF04FFFFFFFF0CFFFFFFFF0C7F0100000C800100000C
310
810100000C820100000A0CF400000004000000000CFFFFFFFF110D06636F656467650CFFFFFFFF04FFFFFFFF0CFFFFFFFF0C830100000CF60000000C840100000C850100000A0CAA00000004000000000CFFFFFFFF110D06636F656467650CFFFFFFFF04FFFFFFFF0CFFFFFFFF0CF60000000C830100000C7F0100000C8601
310
00000B0CAA00000004000000000CFFFFFFFF110D06636F656467650CFFFFFFFF04FFFFFFFF0CFFFFFFFF0C810100000C870100000CF60000000C3D0100000B0C8801000004000000000CFFFFFFFF110D04656467650C8901000004FFFFFFFF0CFFFFFFFF0C8A01000006F4BB01DB453DAEBF0C8B01000006A0C815409DD8BD
310
3F0C3C0100000C8C0100000B0707756E6B6E6F776E110D06636F656467650CFFFFFFFF04FFFFFFFF0CFFFFFFFF0CF70000000C490100000C8D0100000C8E0100000A0CBE00000004000000000CFFFFFFFF110D06636F656467650CFFFFFFFF04FFFFFFFF0CFFFFFFFF0C8D0100000CFE0000000CFB0000000C400100000A0C
310
4401000004000000000CFFFFFFFF110D04656467650C8F01000004FFFFFFFF0CFFFFFFFF0C420100000600000000000000000C010100000600000000000049400CFB0000000C900100000B0707756E6B6E6F776E110E0670746C6973740E036579650D066174747269620CFFFFFFFF04FFFFFFFF0CFFFFFFFF0CFFFFFFFF0C
310
FC000000110D067665727465780CFFFFFFFF04FFFFFFFF0CFFFFFFFF0C4001000004020000000C91010000110D06636F656467650CFFFFFFFF04FFFFFFFF0CFFFFFFFF0CFE0000000C920100000C530100000C930100000A0C4401000004000000000CFFFFFFFF110D046C6F6F700CFFFFFFFF04FFFFFFFF0CFFFFFFFF0CFF
310
FFFFFF0CFE0000000C4D010000110E0670746C6973740E036579650D066174747269620CFFFFFFFF04FFFFFFFF0CFFFFFFFF0CFFFFFFFF0CFF000000110D067665727465780CFFFFFFFF04FFFFFFFF0CFFFFFFFF0CFF00000004020000000C94010000110E0873747261696768740D0563757276650CFFFFFFFF04FFFFFFFF
310
0CFFFFFFFF13AEEE62674E6A9740729823B945A89440C8550CBD467875C014B6643166F0D8C73C0000000000000000000000000000F03F0B0B110D05706F696E740CFFFFFFFF04FFFFFFFF0CFFFFFFFF13AEEE62674E6A9740729823B945A89440C8550CBD467875C0110D06636F656467650CFFFFFFFF04FFFFFFFF0CFFFF
310
FFFF0C3E0100000C020100000C950100000C960100000B0CBE00000004000000000CFFFFFFFF110D06636F656467650CFFFFFFFF04FFFFFFFF0CFFFFFFFF0C040100000C970100000C020100000C4B0100000A0C0F01000004000000000CFFFFFFFF110D04656467650C9801000004FFFFFFFF0CFFFFFFFF0C070100000600
310
000000000000000C9901000006C8550CBD467875400C020100000C9A0100000B0707756E6B6E6F776E110E05666D6573680E036579650D066174747269620CFFFFFFFF04FFFFFFFF0C9B0100000CFFFFFFFF0C03010000110D04666163650C9C01000004FFFFFFFF0CFFFFFFFF0C9D0100000C440100000C070000000CFFFF
310
FFFF0C9E0100000B0B110E05706C616E650D07737572666163650CFFFFFFFF04FFFFFFFF0CFFFFFFFF13AEEE62674E329840729823B945E89A40C8550CBD467875C014000000000000F03F0000000000000000B6643166F0D8C7BC14B6643166F0D8C7BC0000000000000000000000000000F0BF0B0B0B0B0B110E0670746C
310
6973740E036579650D066174747269620CFFFFFFFF04FFFFFFFF0CFFFFFFFF0CFFFFFFFF0C05010000110E0873747261696768740D0563757276650CFFFFFFFF04FFFFFFFF0CFFFFFFFF13AEEE62674E6A9740729823B945E89A40C8550CBD467875C014000000000000F03F000000000000000000000000000000000B0B11
310
0D05706F696E740CFFFFFFFF04FFFFFFFF0CFFFFFFFF13AEEE62674E329840729823B945E89A40C8550CBD467875C0110E067265665F76740E036579650D066174747269620CFFFFFFFF04FFFFFFFF0C9F0100000C090100000CC30000000CFFFFFFFF0CFFFFFFFF110D06636F656467650CFFFFFFFF04FFFFFFFF0CFFFFFF
310
FF0CA00100000C0C0100000C430100000C930100000B0C5501000004000000000CFFFFFFFF110D06636F656467650CFFFFFFFF04FFFFFFFF0CFFFFFFFF0C0C0100000CA00100000C0E0100000C590100000A0C5501000004000000000CFFFFFFFF110D046C6F6F700CFFFFFFFF04FFFFFFFF0CFFFFFFFF0CFFFFFFFF0CA001
310
00000CA1010000110E0670746C6973740E036579650D066174747269620CFFFFFFFF04FFFFFFFF0CFFFFFFFF0CFFFFFFFF0C0D010000110E0873747261696768740D0563757276650CFFFFFFFF04FFFFFFFF0CFFFFFFFF13AFEE62674E6A9740729823B945A894400000000000000000140000000000000000000000000000
310
F03F00000000000000000B0B110D06636F656467650CFFFFFFFF04FFFFFFFF0CFFFFFFFF0C970100000C0E0100000CA20100000CA30100000B0C0F01000004000000000CFFFFFFFF110D04656467650CA401000004FFFFFFFF0CFFFFFFFF0C110100000652DA555CE8E4C0BF0CA50100000653DA555CE8E4C03F0C0E010000
310
0CA60100000B0707756E6B6E6F776E110D04666163650CA701000004FFFFFFFF0CFFFFFFFF0C030100000C0F0100000C070000000CFFFFFFFF0CA80100000B0B110D05706F696E740CFFFFFFFF04FFFFFFFF0CFFFFFFFF13AFEE62674E6A9740729823B945E89A400000000000000000110E09706572737562656E740E1061
310
636164536F6C6964486973746F72790D066174747269620CFFFFFFFF04FFFFFFFF0CFFFFFFFF0C150100000C880000000401000000041100000004030000000400000000110E067265665F76740E036579650D066174747269620CFFFFFFFF04FFFFFFFF0CA90100000C160100000CD00000000CFFFFFFFF0CFFFFFFFF110E
310
05666D6573680E036579650D066174747269620CFFFFFFFF04FFFFFFFF0CAA0100000CFFFFFFFF0C17010000110D04666163650CAB01000004FFFFFFFF0CFFFFFFFF0CAC0100000CAD0100000C090000000CFFFFFFFF0C270000000A0B110D06636F656467650CFFFFFFFF04FFFFFFFF0CFFFFFFFF0CAE0100000C29010000
310
0C190100000C610100000A0C6E01000004000000000CFFFFFFFF110D04656467650CAF01000004FFFFFFFF0CFFFFFFFF0C6C0100000680679D420B0850400C2C0100000680679D420B885C400C190100000CB00100000B0707756E6B6E6F776E110D06636F656467650CFFFFFFFF04FFFFFFFF0CFFFFFFFF0CB10100000CB2
310
0100000C1A0100000C630100000A0CAD01000004000000000CFFFFFFFF110D04656467650CB301000004FFFFFFFF0CFFFFFFFF0C7001000006F8013306CD5D66C00C6601000006E8059912671961400C1A0100000CB40100000B0707756E6B6E6F776E110D06636F656467650CFFFFFFFF04FFFFFFFF0CFFFFFFFF0C1D0100
310
000C1B0100000CB20100000CB50100000A0C1E01000004000000000CFFFFFFFF110E0670746C6973740E036579650D066174747269620CFFFFFFFF04FFFFFFFF0CFFFFFFFF0CFFFFFFFF0C1C010000110D067665727465780CFFFFFFFF04FFFFFFFF0CFFFFFFFF0C6301000004020000000CB6010000110E08737472616967
310
68740D0563757276650CFFFFFFFF04FFFFFFFF0CFFFFFFFF13C0085E10124E9240B278373BA13D9A4020DD434091BD3AC01400000000000000000000000000000000000000000000F0BF0B0B110D05706F696E740CFFFFFFFF04FFFFFFFF0CFFFFFFFF13C0085E10124E9240B278373BA13D9A408329BBF1226775C0110D05
310
706F696E740CFFFFFFFF04FFFFFFFF0CFFFFFFFF13C0085E1012869140B278373BA13D9A408329BBF1226775C0110D06636F656467650CFFFFFFFF04FFFFFFFF0CFFFFFFFF0C240100000C2F0100000CAE0100000CB70100000B0C9E00000004000000000CFFFFFFFF110E0670746C6973740E036579650D06617474726962
310
0CFFFFFFFF04FFFFFFFF0CFFFFFFFF0CFFFFFFFF0C27010000110D067665727465780CFFFFFFFF04FFFFFFFF0CFFFFFFFF0C2701000004020000000CB8010000110D06636F656467650CFFFFFFFF04FFFFFFFF0CFFFFFFFF0C290100000CAE0100000CB10100000CB90100000B0C6E01000004000000000CFFFFFFFF110D04
310
6C6F6F700CFFFFFFFF04FFFFFFFF0CFFFFFFFF0CFFFFFFFF0CAE0100000CAC010000110E0670746C6973740E036579650D066174747269620CFFFFFFFF04FFFFFFFF0CFFFFFFFF0CFFFFFFFF0C2A010000110D067665727465780CFFFFFFFF04FFFFFFFF0CFFFFFFFF0C2A01000004020000000CBA010000110E0873747261
310
696768740D0563757276650CFFFFFFFF04FFFFFFFF0CFFFFFFFF13C0085E10124E9240B6F71DB8BA4E9540EE7CAC189BA970C01400000000000000000000000000000000000000000000F03F0B0B110D05706F696E740CFFFFFFFF04FFFFFFFF0CFFFFFFFF13C0085E10124E9240B6F71DB8BA4E95408329BBF1226775C011
310
0D06636F656467650CFFFFFFFF04FFFFFFFF0CFFFFFFFF0CB20100000CB10100000C2F0100000C740100000A0CAD01000004000000000CFFFFFFFF110D04656467650CBB01000004FFFFFFFF0CFFFFFFFF0C7601000006E8059912671961C00CBC01000006F8013306CD5D66400C2F0100000CBD0100000B0707756E6B6E6F
310
776E110E0670746C6973740E036579650D066174747269620CFFFFFFFF04FFFFFFFF0CFFFFFFFF0CFFFFFFFF0C30010000110D067665727465780CFFFFFFFF04FFFFFFFF0CFFFFFFFF0C7401000004020000000CBE010000110E0873747261696768740D0563757276650CFFFFFFFF04FFFFFFFF0CFFFFFFFF13C0085E1012
310
869140B278373BA13D9A4027A5C319D5BE68C01400000000000000000000000000000000000000000000F03F0B0B110E09706572737562656E740E1061636164536F6C6964486973746F72790D066174747269620CFFFFFFFF04FFFFFFFF0CFFFFFFFF0C340100000CA9000000040100000004100000000401000000040000
310
0000110E067265665F76740E036579650D066174747269620CFFFFFFFF04FFFFFFFF0CBF0100000C350100000CF30000000CFFFFFFFF0CFFFFFFFF110E05666D6573680E036579650D066174747269620CFFFFFFFF04FFFFFFFF0CC00100000CFFFFFFFF0C36010000110D04666163650CC101000004FFFFFFFF0CFFFFFFFF
310
0CA10100000C880100000C070000000CFFFFFFFF0CC20100000B0B110D046C6F6F700CFFFFFFFF04FFFFFFFF0CFFFFFFFF0CFFFFFFFF0CC30100000C36010000110E05706C616E650D07737572666163650CFFFFFFFF04FFFFFFFF0CFFFFFFFF13A018017D18038C409A85E95898AA9840B0206E4AB7E26640140000000000
310
0000000000000000000000000000000000F0BF14000000000000F0BF000000000000000000000000000000000B0B0B0B0B110D06636F656467650CFFFFFFFF04FFFFFFFF0CFFFFFFFF0CC40100000CC50100000CC60100000CC70100000A0C3701000004000000000CFFFFFFFF110D06636F656467650CFFFFFFFF04FFFFFF
310
FF0CFFFFFFFF0CC80100000C390100000C3B0100000C860100000A0CF400000004000000000CFFFFFFFF110D06636F656467650CFFFFFFFF04FFFFFFFF0CFFFFFFFF0C390100000CC80100000CC40100000CC90100000B0CF400000004000000000CFFFFFFFF110D06636F656467650CFFFFFFFF04FFFFFFFF0CFFFFFFFF0C
310
C60100000C3C0100000C390100000C820100000B0C8801000004000000000CFFFFFFFF110D04656467650CCA01000004FFFFFFFF0CFFFFFFFF0C8B0100000680CBBE7A2FD54CC00CCB0100000600A5BDF8534A4C400C810100000CCC0100000B0707756E6B6E6F776E110D06636F656467650CFFFFFFFF04FFFFFFFF0CFFFF
310
FFFF0C3B0100000C3A0100000CCD0100000CCE0100000A0CAA00000004000000000CFFFFFFFF110D06636F656467650CFFFFFFFF04FFFFFFFF0CFFFFFFFF0CC30100000CCF0100000C3A0100000C850100000B0C7C01000004000000000CFFFFFFFF110D04656467650CD001000004FFFFFFFF0CFFFFFFFF0CD10100000670
310
3CBCA4E60583400C8A010000060C941F2FF29684400C3A0100000CD20100000B0707756E6B6E6F776E110D04656467650CD301000004FFFFFFFF0CFFFFFFFF0CD4010000068C1CA361F42E85400C8B0100000600FDFC2A61CB86400C7F0100000CD50100000B0707756E6B6E6F776E110D06636F656467650CFFFFFFFF04FF
310
FFFFFF0CFFFFFFFF0C3C0100000CC60100000CC30100000CD60100000B0C8801000004000000000CFFFFFFFF110D046C6F6F700CFFFFFFFF04FFFFFFFF0CFFFFFFFF0CD70100000CC60100000C7B010000110E0670746C6973740E036579650D066174747269620CFFFFFFFF04FFFFFFFF0CFFFFFFFF0CFFFFFFFF0C3D0100
310
00110D067665727465780CFFFFFFFF04FFFFFFFF0CFFFFFFFF0CD601000004020000000CD8010000110D067665727465780CFFFFFFFF04FFFFFFFF0CFFFFFFFF0C3D01000004020000000CD9010000110E07656C6C697073650D0563757276650CFFFFFFFF04FFFFFFFF0CFFFFFFFF137AF40A1FD3BAAF4016A24D3D9CE196
310
4000000000000084BD140000000000000000000000000000F03F000000000000000014BE0187FDF575A3C000000000000000008551351F24AB744006000000000000F03F0B0B110D06636F656467650CFFFFFFFF04FFFFFFFF0CFFFFFFFF0CDA0100000C3F0100000C3E0100000C8E0100000B0C4401000004000000000CFF
310
FFFFFF110D04656467650CDB01000004FFFFFFFF0CFFFFFFFF0C420100000600000000000000000CDC01000006C8550CBD467875400C8D0100000CDD0100000B0707756E6B6E6F776E110E0670746C6973740E036579650D066174747269620CFFFFFFFF04FFFFFFFF0CFFFFFFFF0CFFFFFFFF0C40010000110E0873747261
310
696768740D0563757276650CFFFFFFFF04FFFFFFFF0CFFFFFFFF13AEEE62674E329840729823B945A89440C8550CBD467875C014000000000000F0BF000000000000000000000000000000000B0B110D05706F696E740CFFFFFFFF04FFFFFFFF0CFFFFFFFF13AEEE62674E329840729823B945A89440C8550CBD467875C011
310
0D06636F656467650CFFFFFFFF04FFFFFFFF0CFFFFFFFF0C430100000CDA0100000CDE0100000CDF0100000B0C4401000004000000000CFFFFFFFF110D04656467650CE001000004FFFFFFFF0CFFFFFFFF0C460100000652DA555CE8E4C0BF0CE10100000653DA555CE8E4C03F0C530100000CE20100000B0707756E6B6E6F
310
776E110D05706F696E740CFFFFFFFF04FFFFFFFF0CFFFFFFFF13AFEE62674E6A9740729823B945A894400000000000000000110D06636F656467650CFFFFFFFF04FFFFFFFF0CFFFFFFFF0CE30100000CE40100000C490100000C960100000A0CD701000004000000000CFFFFFFFF110D04656467650CE501000004FFFFFFFF
310
0CFFFFFFFF0C990100000600000000000000000CDC0100000600000000000079400C490100000CE60100000B0707756E6B6E6F776E110D06636F656467650CFFFFFFFF04FFFFFFFF0CFFFFFFFF0C4A0100000C580100000CE30100000CE70100000A0C0F01000004000000000CFFFFFFFF110E0670746C6973740E03657965
310
0D066174747269620CFFFFFFFF04FFFFFFFF0CFFFFFFFF0CFFFFFFFF0C4B010000110D067665727465780CFFFFFFFF04FFFFFFFF0CFFFFFFFF0C4B01000004020000000CE8010000110E0873747261696768740D0563757276650CFFFFFFFF04FFFFFFFF0CFFFFFFFF13AEEE62674E329840729823B945E89A40C8550CBD46
310
7875C014B6643166F0D8C73C0000000000000000000000000000F03F0B0B110E067265665F76740E036579650D066174747269620CFFFFFFFF04FFFFFFFF0CE90100000C4C0100000C030100000CFFFFFFFF0CFFFFFFFF110E05666D6573680E036579650D066174747269620CFFFFFFFF04FFFFFFFF0CEA0100000CFFFFFF
310
FF0C4D010000110D04666163650CEB01000004FFFFFFFF0CFFFFFFFF0CC30000000CEC0100000C070000000CFFFFFFFF0CED0100000B0B110E05706C616E650D07737572666163650CFFFFFFFF04FFFFFFFF0CFFFFFFFF13AEEE62674E329840729823B945A89440C8550CBD467875C0140000000000000000000000000000
310
F0BF00000000000000001400000000000000000000000000000000000000000000F0BF0B0B0B0B0B110E09706572737562656E740E1061636164536F6C6964486973746F72790D066174747269620CFFFFFFFF04FFFFFFFF0CFFFFFFFF0C520100000CC30000000401000000040F0000000400CA9A3B0401000000110D0663
310
6F656467650CFFFFFFFF04FFFFFFFF0CFFFFFFFF0C540100000C530100000CEE0100000CEF0100000B0C5501000004000000000CFFFFFFFF110D04666163650CF001000004FFFFFFFF0CFFFFFFFF0C5A0100000CF10100000C070000000CFFFFFFFF0CF20100000B0B110D06636F656467650CFFFFFFFF04FFFFFFFF0CFFFF
310
FFFF0CEE0100000CF30100000C580100000CA30100000A0CEC01000004000000000CFFFFFFFF110D04656467650CF401000004FFFFFFFF0CFFFFFFFF0CA5010000065649E28F3DE44E3D0CF5010000061A000000000049400C580100000CF60100000B0707756E6B6E6F776E110E0670746C6973740E036579650D06617474
310
7269620CFFFFFFFF04FFFFFFFF0CFFFFFFFF0CFFFFFFFF0C59010000110D067665727465780CFFFFFFFF04FFFFFFFF0CFFFFFFFF0C5901000004020000000CF7010000110E07656C6C697073650D0563757276650CFFFFFFFF04FFFFFFFF0CFFFFFFFF137AF40A1FD3BAAF40729823B945E89A4000000000000084BD140000
310
000000000000000000000000F03F000000000000000014EBDEBE5517D9A3C00000000000000000BE240E626C14754006000000000000F03F0A0652DA555CE8E4C0BF0A0653DA555CE8E4C03F110E05666D6573680E036579650D066174747269620CFFFFFFFF04FFFFFFFF0CF80100000CFFFFFFFF0C5A010000110E05706C
310
616E650D07737572666163650CFFFFFFFF04FFFFFFFF0CFFFFFFFF13AEEE62674E6A9740729823B945E89A40C8550CBD467875C0140000000000000000000000000000F03F00000000000000001400000000000000000000000000000000000000000000F03F0B0B0B0B0B110E09706572737562656E740E1061636164536F
310
6C6964486973746F72790D066174747269620CFFFFFFFF04FFFFFFFF0CFFFFFFFF0C5D0100000CD00000000401000000041100000004020000000400000000110E067265665F76740E036579650D066174747269620CFFFFFFFF04FFFFFFFF0CF90100000C5E0100000C170100000CFFFFFFFF0CFFFFFFFF110E05666D6573
310
680E036579650D066174747269620CFFFFFFFF04FFFFFFFF0CFA0100000CFFFFFFFF0C5F010000110D04666163650CFB01000004FFFFFFFF0CFFFFFFFF0CFFFFFFFF0C6E0100000C090000000CFFFFFFFF0C1A0000000A0B110D046C6F6F700CFFFFFFFF04FFFFFFFF0CFFFFFFFF0CFFFFFFFF0C730100000C5F010000110D
310
06636F656467650CFFFFFFFF04FFFFFFFF0CFFFFFFFF0C6D0100000C600100000C6A0100000CB70100000A0C6E01000004000000000CFFFFFFFF110E0670746C6973740E036579650D066174747269620CFFFFFFFF04FFFFFFFF0CFFFFFFFF0CFFFFFFFF0C61010000110E0873747261696768740D0563757276650CFFFFFF
310
FF04FFFFFFFF0CFFFFFFFF134832345C91859040B6F71DB8BA4E95408329BBF1226775C014000000000000F03F000000000000000000000000000000000B0B110D06636F656467650CFFFFFFFF04FFFFFFFF0CFFFFFFFF0C730100000C620100000C6D0100000CB90100000A0CAD01000004000000000CFFFFFFFF110D0663
310
6F656467650CFFFFFFFF04FFFFFFFF0CFFFFFFFF0C620100000C730100000C640100000CB50100000B0CAD01000004000000000CFFFFFFFF110E0670746C6973740E036579650D066174747269620CFFFFFFFF04FFFFFFFF0CFFFFFFFF0CFFFFFFFF0C63010000110E0873747261696768740D0563757276650CFFFFFFFF04
310
FFFFFFFF0CFFFFFFFF13C0085E10124E9240F557E458741A984020DD434091BD4AC0140000000000000000000000000000F03F00000000000000000B0B110D04656467650CFC01000004FFFFFFFF0CFFFFFFFF0C760100000680679D420B4866400C660100000680679D420B886C400C640100000C800000000B0707756E6B
310
6E6F776E110D05706F696E740CFFFFFFFF04FFFFFFFF0CFFFFFFFF13C0085E10124E9240B278373BA13D9A4020DD434091BD4AC0110D04656467650CFD01000004FFFFFFFF0CFFFFFFFF0CBC010000060C9681697A0578C00C6C01000006B4A03B7F26D857C00C6A0100000CFE0100000B0707756E6B6E6F776E110D05706F
310
696E740CFFFFFFFF04FFFFFFFF0CFFFFFFFF13C0085E1012869140B6F71DB8BA4E95408329BBF1226775C0110D04656467650CFF01000004FFFFFFFF0CFFFFFFFF0CBC0100000680679D420B4866400C700100000680679D420B886C400CB10100000CB20000000B0707756E6B6E6F776E110D05706F696E740CFFFFFFFF04
310
FFFFFFFF0CFFFFFFFF13C0085E10124E9240B6F71DB8BA4E954020DD434091BD4AC0110E0670746C6973740E036579650D066174747269620CFFFFFFFF04FFFFFFFF0CFFFFFFFF0CFFFFFFFF0C74010000110D067665727465780CFFFFFFFF04FFFFFFFF0CFFFFFFFF0CB701000004020000000C00020000110E0873747261
310
696768740D0563757276650CFFFFFFFF04FFFFFFFF0CFFFFFFFF13C0085E1012869140F557E458741A984020DD434091BD4AC0140000000000000000000000000000F0BF00000000000000000B0B110D05706F696E740CFFFFFFFF04FFFFFFFF0CFFFFFFFF13C0085E1012869140B278373BA13D9A4020DD434091BD4AC011
310
0E09706572737562656E740E1061636164536F6C6964486973746F72790D066174747269620CFFFFFFFF04FFFFFFFF0CFFFFFFFF0C790100000CF30000000401000000041000000004020000000400000000110E067265665F76740E036579650D066174747269620CFFFFFFFF04FFFFFFFF0C010200000C7A0100000C3601
310
00000CFFFFFFFF0CFFFFFFFF110E05666D6573680E036579650D066174747269620CFFFFFFFF04FFFFFFFF0C020200000CFFFFFFFF0C7B010000110E04636F6E650D07737572666163650CFFFFFFFF04FFFFFFFF0CFFFFFFFF137AF40A1FD3BAAF40729823B945C8974000000000000084BD14000000000000000000000000
310
0000F03F000000000000000014BE0187FDF575A3C000000000000000008551351F24AB744006000000000000F03F0B0B06000000000000000006000000000000F0BF06227D59EBABA1A3400B0B0B0B0B110D06636F656467650CFFFFFFFF04FFFFFFFF0CFFFFFFFF0C030200000C840100000C870100000CD60100000A0C7C
310
01000004000000000CFFFFFFFF110D06636F656467650CFFFFFFFF04FFFFFFFF0CFFFFFFFF0C040200000C7E0100000C800100000CC90100000A0C3701000004000000000CFFFFFFFF110D06636F656467650CFFFFFFFF04FFFFFFFF0CFFFFFFFF0C7E0100000C040200000C030200000C050200000B0C3701000004000000
310
000CFFFFFFFF110D06636F656467650CFFFFFFFF04FFFFFFFF0CFFFFFFFF0C870100000C810100000C7E0100000CC70100000B0C8801000004000000000CFFFFFFFF110D04656467650C0602000004FFFFFFFF0CFFFFFFFF0CCB01000006A0C815409DD8BDBF0C0702000006F4BB01DB453DAE3F0CC60100000C080200000B
310
0707756E6B6E6F776E110D06636F656467650CFFFFFFFF04FFFFFFFF0CFFFFFFFF0C800100000C7F0100000C090200000C0A0200000A0CF400000004000000000CFFFFFFFF110D04656467650C0B02000004FFFFFFFF0CFFFFFFFF0C0C020000068C1CA361F42E85400CCB0100000600FDFC2A61CB86400CC40100000C0D02
310
00000B0707756E6B6E6F776E110E0670746C6973740E036579650D066174747269620CFFFFFFFF04FFFFFFFF0CFFFFFFFF0CFFFFFFFF0C82010000110D067665727465780CFFFFFFFF04FFFFFFFF0CFFFFFFFF0CC701000004020000000C0E020000110E0873747261696768740D0563757276650CFFFFFFFF04FFFFFFFF0C
310
FFFFFFFF13D00AFFD33C679940729823B945C89740F4D1305AAB518340140000000000000000000000000000F03F00000000000000000B0B110D06636F656467650CFFFFFFFF04FFFFFFFF0CFFFFFFFF0C0F0200000C090200000C830100000CCE0100000B0CF101000004000000000CFFFFFFFF110D04656467650C100200
310
0004FFFFFFFF0CFFFFFFFF0CD40100000628509AD24894BCBF0CD10100000631E9391813F8AE3F0CCD0100000C110200000B0707756E6B6E6F776E110D06636F656467650CFFFFFFFF04FFFFFFFF0CFFFFFFFF0C840100000C030200000C0F0200000C120200000A0C7C01000004000000000CFFFFFFFF110E0670746C6973
310
740E036579650D066174747269620CFFFFFFFF04FFFFFFFF0CFFFFFFFF0CFFFFFFFF0C85010000110D067665727465780CFFFFFFFF04FFFFFFFF0CFFFFFFFF0C1202000004020000000C13020000110E0873747261696768740D0563757276650CFFFFFFFF04FFFFFFFF0CFFFFFFFF13A018017D18038C4016A24D3D9CE196
310
40B0206E4AB7E2664014000000000000F03F000000000000000000000000000000000B0B110E0670746C6973740E036579650D066174747269620CFFFFFFFF04FFFFFFFF0CFFFFFFFF0CFFFFFFFF0C86010000110D067665727465780CFFFFFFFF04FFFFFFFF0CFFFFFFFF0CCE01000004020000000C14020000110E087374
310
7261696768740D0563757276650CFFFFFFFF04FFFFFFFF0CFFFFFFFF13A018017D18038C4016A24D3D9CE19640F4D1305AAB51834014000000000000F03F000000000000000000000000000000000B0B110D04656467650C1502000004FFFFFFFF0CFFFFFFFF0C070200000600A5BDF8534A4CC00C8A0100000680CBBE7A2F
310
D54C400C870100000C160200000B0707756E6B6E6F776E110D046C6F6F700CFFFFFFFF04FFFFFFFF0CFFFFFFFF0CFFFFFFFF0C170200000C7B010000110D05706F696E740CFFFFFFFF04FFFFFFFF0CFFFFFFFF1356561056054D984016A24D3D9CE19640B0206E4AB7E26640110D05706F696E740CFFFFFFFF04FFFFFFFF0C
310
FFFFFFFF13D00AFFD33C67994016A24D3D9CE19640F4D1305AAB518340110D06636F656467650CFFFFFFFF04FFFFFFFF0CFFFFFFFF0C920100000C8D0100000CE40100000C180200000B0C4401000004000000000CFFFFFFFF110E0670746C6973740E036579650D066174747269620CFFFFFFFF04FFFFFFFF0CFFFFFFFF0C
310
FFFFFFFF0C8E010000110D067665727465780CFFFFFFFF04FFFFFFFF0CFFFFFFFF0C8E01000004020000000C19020000110E0873747261696768740D0563757276650CFFFFFFFF04FFFFFFFF0CFFFFFFFF13AEEE62674E329840729823B945A89440C8550CBD467875C014B6643166F0D8C73C000000000000000000000000
310
0000F03F0B0B110D06636F656467650CFFFFFFFF04FFFFFFFF0CFFFFFFFF0CF30100000CEE0100000C920100000CDF0100000A0CEC01000004000000000CFFFFFFFF110D04656467650C1A02000004FFFFFFFF0CFFFFFFFF0C1B020000068DA5C4E8DAB220BD0CE101000006F8FFFFFFFFFF48400C920100000C1C0200000B
310
0707756E6B6E6F776E110E0670746C6973740E036579650D066174747269620CFFFFFFFF04FFFFFFFF0CFFFFFFFF0CFFFFFFFF0C93010000110D067665727465780CFFFFFFFF04FFFFFFFF0CFFFFFFFF0C9301000004020000000C1D020000110E07656C6C697073650D0563757276650CFFFFFFFF04FFFFFFFF0CFFFFFFFF
310
137AF40A1FD3BAAF40729823B945A8944000000000000084BD140000000000000000000000000000F03F000000000000000014EBDEBE5517D9A3C00000000000000000BE240E626C14754006000000000000F03F0A0652DA555CE8E4C0BF0A0653DA555CE8E4C03F110D06636F656467650CFFFFFFFF04FFFFFFFF0CFFFFFF
310
FF0C170200000C950100000C970100000CE70100000B0CD701000004000000000CFFFFFFFF110D06636F656467650CFFFFFFFF04FFFFFFFF0CFFFFFFFF0C950100000C170200000CDA0100000C180200000A0CD701000004000000000CFFFFFFFF110E0670746C6973740E036579650D066174747269620CFFFFFFFF04FFFF
310
FFFF0CFFFFFFFF0CFFFFFFFF0C96010000110E0873747261696768740D0563757276650CFFFFFFFF04FFFFFFFF0CFFFFFFFF13AFEE62674E329840729823B945E89A400000000000000000140000000000000000000000000000F0BF00000000000000000B0B110D04656467650C1E02000004FFFFFFFF0CFFFFFFFF0C9901
310
00000651DA555CE8E4C0BF0CF50100000652DA555CE8E4C03F0CE30100000C1F0200000B0707756E6B6E6F776E110D05706F696E740CFFFFFFFF04FFFFFFFF0CFFFFFFFF13AFEE62674E329840729823B945E89A400000000000000000110E09706572737562656E740E1061636164536F6C6964486973746F72790D066174
310
747269620CFFFFFFFF04FFFFFFFF0CFFFFFFFF0C9B0100000C030100000401000000040F00000004020000000401000000110E067265665F76740E036579650D066174747269620CFFFFFFFF04FFFFFFFF0C200200000C9C0100000C4D0100000CFFFFFFFF0CFFFFFFFF110E05666D6573680E036579650D06617474726962
310
0CFFFFFFFF04FFFFFFFF0C210200000CFFFFFFFF0C9D010000110D046C6F6F700CFFFFFFFF04FFFFFFFF0CFFFFFFFF0CFFFFFFFF0CA20100000C9D010000110E05706C616E650D07737572666163650CFFFFFFFF04FFFFFFFF0CFFFFFFFF1396B8A849EF2D9940729823B945C897404A126B084EB18440149DA5C4E8DAB2D0
310
3F00000000000000005449E28F3DE4EE3F145449E28F3DE4EE3F00000000000000009DA5C4E8DAB2D0BF0B0B0B0B0B110D06636F656467650CFFFFFFFF04FFFFFFFF0CFFFFFFFF0CDE0100000CA20100000CA00100000CEF0100000A0CEC01000004000000000CFFFFFFFF110D04656467650C2202000004FFFFFFFF0CFFFF
310
FFFF0CE10100000600000000000000000CA50100000600000000000079400CA00100000C230200000B0707756E6B6E6F776E110E05666D6573680E036579650D066174747269620CFFFFFFFF04FFFFFFFF0C240200000CFFFFFFFF0CA1010000110D046C6F6F700CFFFFFFFF04FFFFFFFF0CFFFFFFFF0C550100000C250200
310
000CA1010000110E04636F6E650D07737572666163650CFFFFFFFF04FFFFFFFF0CFFFFFFFF137AF40A1FD3BAAF40729823B945C8974000000000000084BD140000000000000000000000000000F03F000000000000000014EBDEBE5517D9A3C00000000000000000BE240E626C14754006000000000000F03F0B0B06000000
310
000000000006000000000000F03F06227D59EBAB05A4400B0B0B0B0B110D06636F656467650CFFFFFFFF04FFFFFFFF0CFFFFFFFF0CA20100000CDE0100000C170200000C260200000A0CEC01000004000000000CFFFFFFFF110E0670746C6973740E036579650D066174747269620CFFFFFFFF04FFFFFFFF0CFFFFFFFF0CFF
310
FFFFFF0CA3010000110D067665727465780CFFFFFFFF04FFFFFFFF0CFFFFFFFF0CE701000004020000000C27020000110E0873747261696768740D0563757276650CFFFFFFFF04FFFFFFFF0CFFFFFFFF137115470966CD9840729823B945E89A40D07882F47CE58440145649E28F3DE4EE3F00000000000000008DA5C4E8DA
310
B2D0BF0B0B110D05706F696E740CFFFFFFFF04FFFFFFFF0CFFFFFFFF137215470966CD9840729823B945E89A40D07882F47CE58440110E067265665F76740E036579650D066174747269620CFFFFFFFF04FFFFFFFF0C280200000CA70100000C5A0100000CFFFFFFFF0CFFFFFFFF110E09706572737562656E740E10616361
310
64536F6C6964486973746F72790D066174747269620CFFFFFFFF04FFFFFFFF0CFFFFFFFF0CAA0100000C170100000401000000041200000004020000000400000000110E067265665F76740E036579650D066174747269620CFFFFFFFF04FFFFFFFF0C290200000CAB0100000C5F0100000CFFFFFFFF0CFFFFFFFF110E0566
310
6D6573680E036579650D066174747269620CFFFFFFFF04FFFFFFFF0C2A0200000CFFFFFFFF0CAC010000110E0670746C6973740E036579650D066174747269620CFFFFFFFF04FFFFFFFF0CFFFFFFFF0CFFFFFFFF0CB5010000110E0670746C6973740E036579650D066174747269620CFFFFFFFF04FFFFFFFF0CFFFFFFFF0C
310
FFFFFFFF0CB7010000110E0873747261696768740D0563757276650CFFFFFFFF04FFFFFFFF0CFFFFFFFF13C0085E1012869140B6F71DB8BA4E9540B0118A912C5D7BC01400000000000000000000000000000000000000000000F0BF0B0B110E0670746C6973740E036579650D066174747269620CFFFFFFFF04FFFFFFFF0C
310
FFFFFFFF0CFFFFFFFF0CB9010000110D05706F696E740CFFFFFFFF04FFFFFFFF0CFFFFFFFF13C0085E1012869140B6F71DB8BA4E954020DD434091BD4AC0110E09706572737562656E740E1061636164536F6C6964486973746F72790D066174747269620CFFFFFFFF04FFFFFFFF0CFFFFFFFF0CC00100000C360100000401
310
000000041000000004030000000400000000110E067265665F76740E036579650D066174747269620CFFFFFFFF04FFFFFFFF0C2B0200000CC10100000C7B0100000CFFFFFFFF0CFFFFFFFF110D06636F656467650CFFFFFFFF04FFFFFFFF0CFFFFFFFF0CCF0100000CC30100000CC50100000C050200000A0C7C0100000400
310
0000000CFFFFFFFF110D06636F656467650CFFFFFFFF04FFFFFFFF0CFFFFFFFF0CC50100000CC40100000C250200000C2C0200000A0C3701000004000000000CFFFFFFFF110D04656467650C2D02000004FFFFFFFF0CFFFFFFFF0C2E02000006703CBCA4E60583400C07020000060C941F2FF29684400C030200000C2F0200
310
000B0707756E6B6E6F776E110E0670746C6973740E036579650D066174747269620CFFFFFFFF04FFFFFFFF0CFFFFFFFF0CFFFFFFFF0CC7010000110D067665727465780CFFFFFFFF04FFFFFFFF0CFFFFFFFF0CC701000004020000000C30020000110E07656C6C697073650D0563757276650CFFFFFFFF04FFFFFFFF0CFFFF
310
FFFF137AF40A1FD3BAAF409A85E95898AA984000000000000084BD140000000000000000000000000000F0BF000000000000000014BE0187FDF575A3C000000000000000008551351F24AB744006000000000000F03F0B0B110D06636F656467650CFFFFFFFF04FFFFFFFF0CFFFFFFFF0CCD0100000C250200000CC8010000
310
0C0A0200000B0CF101000004000000000CFFFFFFFF110D04656467650C3102000004FFFFFFFF0CFFFFFFFF0C0C0200000600A5BDF8534A4CC00CD40100000680CBBE7A2FD54C400C090200000C320200000B0707756E6B6E6F776E110E0670746C6973740E036579650D066174747269620CFFFFFFFF04FFFFFFFF0CFFFFFF
310
FF0CFFFFFFFF0CC9010000110D067665727465780CFFFFFFFF04FFFFFFFF0CFFFFFFFF0C2C02000004020000000C33020000110E0873747261696768740D0563757276650CFFFFFFFF04FFFFFFFF0CFFFFFFFF13A018017D18038C409A85E95898AA9840F4D1305AAB51834014000000000000F03F00000000000000000000
310
0000000000000B0B110D05706F696E740CFFFFFFFF04FFFFFFFF0CFFFFFFFF13D00AFFD33C6799409A85E95898AA9840F4D1305AAB518340110D06636F656467650CFFFFFFFF04FFFFFFFF0CFFFFFFFF0C250200000CCD0100000CCF0100000C120200000B0CF101000004000000000CFFFFFFFF110E0670746C6973740E03
310
6579650D066174747269620CFFFFFFFF04FFFFFFFF0CFFFFFFFF0CFFFFFFFF0CCE010000110E07656C6C697073650D0563757276650CFFFFFFFF04FFFFFFFF0CFFFFFFFF137AF40A1FD3BAAF4016A24D3D9CE1964000000000000084BD140000000000000000000000000000F0BF000000000000000014EBDEBE5517D9A3C0
310
0000000000000000BE240E626C14754006000000000000F03F0B0B110D04656467650C3402000004FFFFFFFF0CFFFFFFFF0CD10100000680CBBE7A2FD54CC00C2E0200000600A5BDF8534A4C400C0F0200000C350200000B0707756E6B6E6F776E110D05706F696E740CFFFFFFFF04FFFFFFFF0CFFFFFFFF1388AADE907F84
310
974016A24D3D9CE19640B0206E4AB7E26640110D05706F696E740CFFFFFFFF04FFFFFFFF0CFFFFFFFF13961A526F0699984016A24D3D9CE19640F4D1305AAB518340110E0670746C6973740E036579650D066174747269620CFFFFFFFF04FFFFFFFF0CFFFFFFFF0CFFFFFFFF0CD6010000110E0873747261696768740D0563
310
757276650CFFFFFFFF04FFFFFFFF0CFFFFFFFF1356561056054D9840729823B945C89740B0206E4AB7E26640140000000000000000000000000000F0BF00000000000000000B0B110D06636F656467650CFFFFFFFF04FFFFFFFF0CFFFFFFFF0CE40100000CE30100000CF30100000C260200000B0CD701000004000000000C
310
FFFFFFFF110D04656467650C3602000004FFFFFFFF0CFFFFFFFF0CDC0100000651DA555CE8E4C0BF0C1B0200000652DA555CE8E4C03F0CDA0100000C370200000B0707756E6B6E6F776E110D05706F696E740CFFFFFFFF04FFFFFFFF0CFFFFFFFF13AFEE62674E329840729823B945A894400000000000000000110E067074
310
6C6973740E036579650D066174747269620CFFFFFFFF04FFFFFFFF0CFFFFFFFF0CFFFFFFFF0CDF010000110D067665727465780CFFFFFFFF04FFFFFFFF0CFFFFFFFF0C1802000004020000000C38020000110E0873747261696768740D0563757276650CFFFFFFFF04FFFFFFFF0CFFFFFFFF13BC5B0A8A788E9940729823B9
310
45A89440C5AB531C1F7D8440145649E28F3DE4EEBF00000000000000008DA5C4E8DAB2D03F0B0B110D05706F696E740CFFFFFFFF04FFFFFFFF0CFFFFFFFF137215470966CD9840729823B945A89440D07882F47CE58440110E0670746C6973740E036579650D066174747269620CFFFFFFFF04FFFFFFFF0CFFFFFFFF0CFFFF
310
FFFF0CE7010000110E07656C6C697073650D0563757276650CFFFFFFFF04FFFFFFFF0CFFFFFFFF137AF40A1FD3BAAF40729823B945E89A4000000000000084BD140000000000000000000000000000F03F000000000000000014BE0187FDF575A3C000000000000000008551351F24AB744006000000000000F03F0A0651DA
310
555CE8E4C0BF0A0652DA555CE8E4C03F110E09706572737562656E740E1061636164536F6C6964486973746F72790D066174747269620CFFFFFFFF04FFFFFFFF0CFFFFFFFF0CEA0100000C4D0100000402000000040F00000004010000000401000000040F00000004010000000402000000110E067265665F76740E036579
310
650D066174747269620CFFFFFFFF04FFFFFFFF0C390200000CEB0100000C9D0100000CFFFFFFFF0CFFFFFFFF110E0670746C6973740E036579650D066174747269620CFFFFFFFF04FFFFFFFF0CFFFFFFFF0CFFFFFFFF0CEF010000110E0873747261696768740D0563757276650CFFFFFFFF04FFFFFFFF0CFFFFFFFF137115
310
470966CD9840729823B945A89440D07882F47CE58440140000000000000000000000000000F03F00000000000000000B0B110E067265665F76740E036579650D066174747269620CFFFFFFFF04FFFFFFFF0C3A0200000CF00100000CA10100000CFFFFFFFF0CFFFFFFFF110D06636F656467650CFFFFFFFF04FFFFFFFF0CFF
310
FFFFFF0C090200000C0F0200000C040200000C2C0200000B0CF101000004000000000CFFFFFFFF110D04656467650C3B02000004FFFFFFFF0CFFFFFFFF0CF50100000600000000000000000C1B0200000600000000000079400C170200000C3C0200000B0707756E6B6E6F776E110D05706F696E740CFFFFFFFF04FFFFFFFF
310
0CFFFFFFFF13BC5B0A8A788E9940729823B945E89A40C4AB531C1F7D8440110E09706572737562656E740E1061636164536F6C6964486973746F72790D066174747269620CFFFFFFFF04FFFFFFFF0CFFFFFFFF0CF80100000C5A0100000402000000040F00000004030000000401000000040F000000040300000004020000
310
00110E09706572737562656E740E1061636164536F6C6964486973746F72790D066174747269620CFFFFFFFF04FFFFFFFF0CFFFFFFFF0CFA0100000C5F0100000401000000041200000004030000000400000000110E067265665F76740E036579650D066174747269620CFFFFFFFF04FFFFFFFF0C3D0200000CFB0100000C
310
AC0100000CFFFFFFFF0CFFFFFFFF110E09706572737562656E740E1061636164536F6C6964486973746F72790D066174747269620CFFFFFFFF04FFFFFFFF0CFFFFFFFF0C020200000C7B0100000401000000040F00000004020000000402000000110D04656467650C3E02000004FFFFFFFF0CFFFFFFFF0C2E0200000631E9
310
391813F8AEBF0C0C0200000628509AD24894BC3F0C250200000C3F0200000B0707756E6B6E6F776E110E0670746C6973740E036579650D066174747269620CFFFFFFFF04FFFFFFFF0CFFFFFFFF0CFFFFFFFF0C05020000110D067665727465780CFFFFFFFF04FFFFFFFF0CFFFFFFFF0C2C02000004020000000C4002000011
310
0E0873747261696768740D0563757276650CFFFFFFFF04FFFFFFFF0CFFFFFFFF13A018017D18038C409A85E95898AA9840B0206E4AB7E2664014000000000000F03F000000000000000000000000000000000B0B110D05706F696E740CFFFFFFFF04FFFFFFFF0CFFFFFFFF1356561056054D98409A85E95898AA9840B0206E
310
4AB7E26640110E0670746C6973740E036579650D066174747269620CFFFFFFFF04FFFFFFFF0CFFFFFFFF0CFFFFFFFF0C0A020000110E0873747261696768740D0563757276650CFFFFFFFF04FFFFFFFF0CFFFFFFFF13961A526F06999840729823B945C89740F4D1305AAB518340140000000000000000000000000000F0BF
310
00000000000000000B0B110D05706F696E740CFFFFFFFF04FFFFFFFF0CFFFFFFFF13961A526F069998409A85E95898AA9840F4D1305AAB518340110E0670746C6973740E036579650D066174747269620CFFFFFFFF04FFFFFFFF0CFFFFFFFF0CFFFFFFFF0C12020000110E0873747261696768740D0563757276650CFFFFFF
310
FF04FFFFFFFF0CFFFFFFFF1388AADE907F849740729823B945C89740B0206E4AB7E26640140000000000000000000000000000F03F00000000000000000B0B110E0670746C6973740E036579650D066174747269620CFFFFFFFF04FFFFFFFF0CFFFFFFFF0CFFFFFFFF0C18020000110E07656C6C697073650D056375727665
310
0CFFFFFFFF04FFFFFFFF0CFFFFFFFF137AF40A1FD3BAAF40729823B945A8944000000000000084BD140000000000000000000000000000F03F000000000000000014BE0187FDF575A3C000000000000000008551351F24AB744006000000000000F03F0A0651DA555CE8E4C0BF0A0652DA555CE8E4C03F110D05706F696E74
310
0CFFFFFFFF04FFFFFFFF0CFFFFFFFF13BC5B0A8A788E9940729823B945A89440C4AB531C1F7D8440110E09706572737562656E740E1061636164536F6C6964486973746F72790D066174747269620CFFFFFFFF04FFFFFFFF0CFFFFFFFF0C210200000C9D0100000401000000040F0000000400CA9A3B0402000000110E0970
310
6572737562656E740E1061636164536F6C6964486973746F72790D066174747269620CFFFFFFFF04FFFFFFFF0CFFFFFFFF0C240200000CA10100000401000000040F00000004040000000402000000110E0670746C6973740E036579650D066174747269620CFFFFFFFF04FFFFFFFF0CFFFFFFFF0CFFFFFFFF0C2602000011
310
0E0873747261696768740D0563757276650CFFFFFFFF04FFFFFFFF0CFFFFFFFF13BC5B0A8A788E9940729823B945E89A40C5AB531C1F7D8440140000000000000000000000000000F0BF00000000000000000B0B110E09706572737562656E740E1061636164536F6C6964486973746F72790D066174747269620CFFFFFFFF
310
04FFFFFFFF0CFFFFFFFF0C2A0200000CAC0100000401000000041200000004040000000400000000110E0670746C6973740E036579650D066174747269620CFFFFFFFF04FFFFFFFF0CFFFFFFFF0CFFFFFFFF0C2C020000110E07656C6C697073650D0563757276650CFFFFFFFF04FFFFFFFF0CFFFFFFFF137AF40A1FD3BAAF
310
409A85E95898AA984000000000000084BD140000000000000000000000000000F03F000000000000000014EBDEBE5517D9A3C00000000000000000BE240E626C14754006000000000000F03F0B0B110D05706F696E740CFFFFFFFF04FFFFFFFF0CFFFFFFFF1388AADE907F8497409A85E95898AA9840B0206E4AB7E2664011
310
0E03456E640E026F660E0341534D0D0464617461
  0
ACDSRECORD
 90
        0
  2
AcDbDs::ID
280
    10
320
22
  2
Thumbnail_Data
280
    15
 94
      896
310
89504E470D0A1A0A0000000D49484452000001000000009108030000001BE1960600000300504C5445212830FFFFFF2128300000000000000000000000000000000000000000000000000000330000660000990000CC0000FF0033000033330033660033990033CC0033FF0066000066330066660066990066CC0066FF0099
310
000099330099660099990099CC0099FF00CC0000CC3300CC6600CC9900CCCC00CCFF00FF0000FF3300FF6600FF9900FFCC00FFFF3300003300333300663300993300CC3300FF3333003333333333663333993333CC3333FF3366003366333366663366993366CC3366FF3399003399333399663399993399CC3399FF33CC00
310
33CC3333CC6633CC9933CCCC33CCFF33FF0033FF3333FF6633FF9933FFCC33FFFF6600006600336600666600996600CC6600FF6633006633336633666633996633CC6633FF6666006666336666666666996666CC6666FF6699006699336699666699996699CC6699FF66CC0066CC3366CC6666CC9966CCCC66CCFF66FF0066
310
FF3366FF6666FF9966FFCC66FFFF9900009900339900669900999900CC9900FF9933009933339933669933999933CC9933FF9966009966339966669966999966CC9966FF9999009999339999669999999999CC9999FF99CC0099CC3399CC6699CC9999CCCC99CCFF99FF0099FF3399FF6699FF9999FFCC99FFFFCC0000CC00
310
33CC0066CC0099CC00CCCC00FFCC3300CC3333CC3366CC3399CC33CCCC33FFCC6600CC6633CC6666CC6699CC66CCCC66FFCC9900CC9933CC9966CC9999CC99CCCC99FFCCCC00CCCC33CCCC66CCCC99CCCCCCCCCCFFCCFF00CCFF33CCFF66CCFF99CCFFCCCCFFFFFF0000FF0033FF0066FF0099FF00CCFF00FFFF3300FF3333
310
FF3366FF3399FF33CCFF33FFFF6600FF6633FF6666FF6699FF66CCFF66FFFF9900FF9933FF9966FF9999FF99CCFF99FFFFCC00FFCC33FFCC66FFCC99FFCCCCFFCCFFFFFF00FFFF33FFFF66FFFF99FFFFCCFFFFFF0000000D0D0D1A1A1A2828283535354343435050505D5D5D6B6B6B787878868686939393A1A1A1AEAEAEBB
310
BBBBC9C9C9D6D6D6E4E4E4F1F1F1FFFFFF0000000000000000000000000000000000000000000000000000000000002E4550F10000003B4944415478DAEDC13101000000C2A0F54F6D0B2FA0000000000000000000000000000000000000000000000000000000000000000000000000CE06919100016C9A5B1B0000000049
310
454E44AE426082
  0
ENDSEC
  0
EOF
